-- phpMyAdmin SQL Dump
-- version 4.7.7
-- https://www.phpmyadmin.net/
--
-- Host: localhost
-- Generation Time: 2018-08-06 15:30:25
-- 服务器版本： 5.6.33-log
-- PHP Version: 7.1.20

SET SQL_MODE = "NO_AUTO_VALUE_ON_ZERO";
SET AUTOCOMMIT = 0;
START TRANSACTION;
SET time_zone = "+00:00";


/*!40101 SET @OLD_CHARACTER_SET_CLIENT=@@CHARACTER_SET_CLIENT */;
/*!40101 SET @OLD_CHARACTER_SET_RESULTS=@@CHARACTER_SET_RESULTS */;
/*!40101 SET @OLD_COLLATION_CONNECTION=@@COLLATION_CONNECTION */;
/*!40101 SET NAMES utf8mb4 */;

--
-- Database: `db_super_desk`
--

-- --------------------------------------------------------

--
-- 表的结构 `ims_superdesk_boardroom`
--

CREATE TABLE `ims_superdesk_boardroom` (
  `id` int(10) NOT NULL,
  `name` varchar(50) NOT NULL COMMENT '名称',
  `address` varchar(100) NOT NULL COMMENT '地址',
  `floor` int(10) NOT NULL DEFAULT '1' COMMENT '楼层',
  `traffic` varchar(255) NOT NULL COMMENT '交通',
  `lat` decimal(9,6) NOT NULL COMMENT '经度',
  `lng` decimal(9,6) NOT NULL COMMENT '纬度',
  `thumb` varchar(255) NOT NULL DEFAULT '' COMMENT '图片',
  `basic` text NOT NULL,
  `carousel` text NOT NULL COMMENT '轮播图',
  `price` decimal(10,2) NOT NULL DEFAULT '0.00' COMMENT '租金/小时',
  `equipment` text NOT NULL COMMENT '设备 序列化的设备编号数组',
  `max_num` int(10) NOT NULL DEFAULT '1' COMMENT '容纳人数',
  `appointment_num` int(10) NOT NULL DEFAULT '0',
  `remark` varchar(255) NOT NULL DEFAULT '' COMMENT '注意事项',
  `cancle_rule` varchar(255) NOT NULL DEFAULT '' COMMENT '取消预约规则',
  `createtime` int(10) NOT NULL COMMENT '创建时间',
  `updatetime` int(10) NOT NULL COMMENT '修改时间',
  `enabled` tinyint(4) NOT NULL DEFAULT '1' COMMENT 'Enabled',
  `uniacid` int(10) NOT NULL DEFAULT '0' COMMENT 'uniacid'
) ENGINE=InnoDB DEFAULT CHARSET=utf8;

--
-- 转存表中的数据 `ims_superdesk_boardroom`
--

INSERT INTO `ims_superdesk_boardroom` (`id`, `name`, `address`, `floor`, `traffic`, `lat`, `lng`, `thumb`, `basic`, `carousel`, `price`, `equipment`, `max_num`, `appointment_num`, `remark`, `cancle_rule`, `createtime`, `updatetime`, `enabled`, `uniacid`) VALUES
(12, '第一教室', '一号楼101-102室', 0, '交通啥意思', '39.094428', '117.160447', 'images/16/2017/08/tM5lMLwlSW957wiu9lUOm2X8i5XlL5.jpg', '', 'a:2:{i:1;s:52:\"images/16/2017/08/rS6iELvR6fL6z65gijQcQS6Jc3g55E.png\";i:2;s:52:\"images/16/2017/08/Mj4J6gxmgwz4PWJy6Rffmj0WLRjrfl.png\";}', '0.00', 's:127:\"{&quot;value&quot;:9,&quot;text&quot;:&quot;远程视频会议&quot;},{&quot;value&quot;:5,&quot;text&quot;:&quot;电脑&quot;}\";', 36, 0, '', '', 1501581968, 1503038590, 1, 16),
(13, '综合研讨室', '一号楼一层108、109室', 0, '公交车', '39.094428', '117.160447', 'images/16/2017/08/E8K88PP65No5z2088J2ghRxo02J8nf.jpg', '', 'a:2:{i:0;s:52:\"images/16/2017/08/Gg3103IB3330b244s03sB3L0G040Us.jpg\";i:1;s:52:\"images/16/2017/08/TH5z4J3W88jaZ4nMaA4H8o5J8EE85o.jpg\";}', '0.00', 's:121:\"{&quot;value&quot;:8,&quot;text&quot;:&quot;投影仪&quot;},{&quot;value&quot;:7,&quot;text&quot;:&quot;记号笔&quot;}\";', 13, 0, '', '', 1501648997, 1502368140, 1, 16),
(14, '学术报告厅', '一号楼一层131、132、133、135、136、137室', 0, '', '0.000000', '0.000000', 'images/16/2017/08/ZWIcwZRI4Wb7wb5Xi4bRe7fubM7f7I.jpg', '', '', '0.00', '', 768, 0, '', '', 1501899508, 1502368953, 1, 16),
(15, '三层多功能会议厅', '一号楼三层320、321、322、323室', 0, '', '0.000000', '0.000000', 'images/16/2017/08/nFj9bztYEQZYGFq88Y59fchEaXyhfT.jpg', '', '', '0.00', '', 240, 0, '', '', 1501899549, 1502369778, 1, 16),
(16, '第二接待室', '一号楼五层502、503室', 0, '', '0.000000', '0.000000', 'images/16/2017/08/X11tBF511lMY8zcFWWtDCFxItzM5WW.jpg', '', '', '0.00', '', 8, 0, '', '', 1501899596, 1502369983, 1, 16),
(17, '一号楼模拟法庭', '一号楼五层507室', 0, '', '0.000000', '0.000000', 'images/16/2017/08/LhFn51qWvMWVNMv1xHVQnnNMuNmNxU.jpg', '', '', '0.00', '', 50, 0, '', '', 1501899633, 1502764992, 1, 16),
(19, '校委综合接待室', '8号楼四层440室', 0, '地铁1号线', '0.000000', '0.000000', 'images/16/2017/08/k5ummFvHVl5050aFmXS4K55mKkhikx.jpg', '', 'a:3:{i:0;s:52:\"images/16/2017/08/A65cg593IG3ccNg6cIcNEUw5e6C599.jpg\";i:1;s:52:\"images/16/2017/08/izh2lBvyk2zX0GU2k1lHU0uBljugRU.jpg\";i:2;s:52:\"images/16/2017/08/L7ZqPqq7YQBPPyQpQJZqjPpwDq2d9j.jpg\";}', '80.00', 's:182:\"{&quot;value&quot;:8,&quot;text&quot;:&quot;投影仪&quot;},{&quot;value&quot;:6,&quot;text&quot;:&quot;黑板擦&quot;},{&quot;value&quot;:7,&quot;text&quot;:&quot;记号笔&quot;}\";', 20, 0, '', '', 1502093853, 1502369433, 1, 16),
(20, 'shincowu会议室设置', 'shincowu测试', 0, '', '0.000000', '0.000000', '', '', '', '0.00', '', 1, 0, '', '', 1503038379, 0, 1, 16);

-- --------------------------------------------------------

--
-- 表的结构 `ims_superdesk_boardroom_appointment`
--

CREATE TABLE `ims_superdesk_boardroom_appointment` (
  `id` int(10) NOT NULL,
  `boardroom_id` int(10) NOT NULL COMMENT '会议室ID',
  `openid` varchar(64) NOT NULL COMMENT 'openid',
  `client_name` varchar(64) NOT NULL COMMENT '客户名字',
  `client_telphone` varchar(25) NOT NULL COMMENT '客户电话',
  `deleted` int(10) NOT NULL DEFAULT '0' COMMENT '删除(1已删除)',
  `status` int(1) NOT NULL DEFAULT '0' COMMENT '-1取消状态，0普通状态，1为已付款，2为已发货，3为成功',
  `relate_id` varchar(80) NOT NULL DEFAULT '0' COMMENT '关联会员表',
  `people_num` int(1) NOT NULL DEFAULT '1' COMMENT '会议人数',
  `createtime` int(11) NOT NULL DEFAULT '0' COMMENT '创建时间',
  `updatetime` int(11) NOT NULL DEFAULT '0' COMMENT '修改时间',
  `starttime` int(10) NOT NULL DEFAULT '0' COMMENT '预约开始时间',
  `endtime` int(10) NOT NULL DEFAULT '0' COMMENT '预约结束时间',
  `uniacid` int(10) NOT NULL DEFAULT '0' COMMENT 'uniacid',
  `paydetail` varchar(255) NOT NULL DEFAULT '' COMMENT '支付详情',
  `paytype` tinyint(1) UNSIGNED NOT NULL DEFAULT '0' COMMENT '1为余额，2为在线，3为到付',
  `out_trade_no` varchar(32) NOT NULL DEFAULT '' COMMENT 'out_trade_no',
  `transaction_id` varchar(32) NOT NULL DEFAULT '' COMMENT '微信支付订单号',
  `situation` text NOT NULL COMMENT 'situation JSON',
  `price` decimal(10,2) NOT NULL DEFAULT '0.00' COMMENT '成交价',
  `quantity` decimal(10,1) NOT NULL DEFAULT '0.0' COMMENT '数量/小时',
  `total` decimal(10,2) NOT NULL DEFAULT '0.00' COMMENT '成交总价',
  `lable_ymd` varchar(32) NOT NULL DEFAULT '' COMMENT 'eg:2017-09-09',
  `lable_time` varchar(32) NOT NULL DEFAULT '' COMMENT 'eg:00:30-12:00'
) ENGINE=InnoDB DEFAULT CHARSET=utf8;

--
-- 转存表中的数据 `ims_superdesk_boardroom_appointment`
--

INSERT INTO `ims_superdesk_boardroom_appointment` (`id`, `boardroom_id`, `openid`, `client_name`, `client_telphone`, `deleted`, `status`, `relate_id`, `people_num`, `createtime`, `updatetime`, `starttime`, `endtime`, `uniacid`, `paydetail`, `paytype`, `out_trade_no`, `transaction_id`, `situation`, `price`, `quantity`, `total`, `lable_ymd`, `lable_time`) VALUES
(16, 12, 'oX8KYwkxwNW6qzHF4cF-tGxYTcPg', '', '', 0, 1, '', 10, 1501619785, 1501619803, 0, 0, 16, '', 2, '08026244', '4002312001201708023955933659', '{\"situation\":[{\"index\":0,\"key\":\"2017-08-02 00:00:00\",\"timestamp\":1501605000,\"is_use\":0,\"lable\":\"00:00-00:30\",\"checked\":1},{\"index\":1,\"key\":\"2017-08-02 00:30:00\",\"timestamp\":1501606800,\"is_use\":0,\"lable\":\"00:30-01:00\",\"checked\":1}]}', '0.01', '1.0', '0.01', '2017-08-02', '00:30-01:00'),
(18, 12, 'oX8KYwkxwNW6qzHF4cF-tGxYTcPg', '', '', 0, 1, '', 10, 1501620059, 1501620077, 0, 0, 16, '', 2, '08027268', '4002312001201708023955960698', '{\"situation\":[{\"index\":0,\"key\":\"2017-08-02 00:00:00\",\"timestamp\":1501605000,\"is_use\":0,\"lable\":\"00:00-00:30\",\"checked\":1},{\"index\":1,\"key\":\"2017-08-02 00:30:00\",\"timestamp\":1501606800,\"is_use\":0,\"lable\":\"00:30-01:00\",\"checked\":1}]}', '0.01', '1.0', '0.01', '2017-08-02', '00:30-01:00'),
(19, 12, 'oX8KYwkxwNW6qzHF4cF-tGxYTcPg', '', '', 0, 1, '', 10, 1501620494, 1501620510, 0, 0, 16, '', 2, '08026229', '4002312001201708023960758046', '{\"situation\":[{\"index\":0,\"key\":\"2017-08-02 00:00:00\",\"timestamp\":1501605000,\"is_use\":0,\"lable\":\"00:00-00:30\",\"checked\":1},{\"index\":1,\"key\":\"2017-08-02 00:30:00\",\"timestamp\":1501606800,\"is_use\":0,\"lable\":\"00:30-01:00\",\"checked\":1}]}', '0.01', '1.0', '0.01', '2017-08-02', '00:30-01:00'),
(20, 12, 'oX8KYwkxwNW6qzHF4cF-tGxYTcPg', '', '', 0, 1, '', 10, 1501620921, 1501620937, 0, 0, 16, '', 2, '08027668', '4002312001201708023957575045', '{\"situation\":{\"2\":{\"index\":2,\"key\":\"2017-08-02 01:00:00\",\"timestamp\":1501608600,\"is_use\":0,\"lable\":\"01:00-01:30\",\"checked\":1},\"3\":{\"index\":3,\"key\":\"2017-08-02 01:30:00\",\"timestamp\":1501610400,\"is_use\":0,\"lable\":\"01:30-02:00\",\"checked\":1}}}', '0.01', '1.0', '0.01', '2017-08-02', '01:00-02:00'),
(21, 12, 'oX8KYwkxwNW6qzHF4cF-tGxYTcPg', '', '', 0, 1, '', 10, 1501621813, 1501621838, 0, 0, 16, '', 2, '08024584', '4002312001201708023957755222', '{\"situation\":{\"28\":{\"index\":28,\"key\":\"2017-08-02 14:00:00\",\"timestamp\":1501655400,\"is_use\":0,\"lable\":\"14:00-14:30\",\"checked\":1},\"29\":{\"index\":29,\"key\":\"2017-08-02 14:30:00\",\"timestamp\":1501657200,\"is_use\":0,\"lable\":\"14:30-15:00\",\"checked\":1}}}', '0.01', '1.0', '0.01', '2017-08-02', '14:00-15:00'),
(22, 12, 'oX8KYwkxwNW6qzHF4cF-tGxYTcPg', '', '', 0, 1, '', 10, 1501622563, 1501622581, 0, 0, 16, '', 2, '08024646', '4002312001201708023957882232', '{\"situation\":{\"34\":{\"index\":34,\"key\":\"2017-08-02 17:00:00\",\"timestamp\":1501666200,\"is_use\":0,\"lable\":\"17:00-17:30\",\"checked\":1},\"35\":{\"index\":35,\"key\":\"2017-08-02 17:30:00\",\"timestamp\":1501668000,\"is_use\":0,\"lable\":\"17:30-18:00\",\"checked\":1}}}', '0.01', '1.0', '0.01', '2017-08-02', '17:00-18:00'),
(23, 12, 'oX8KYwkxwNW6qzHF4cF-tGxYTcPg', '', '', 0, 1, '', 10, 1501624688, 1501624708, 0, 0, 16, '', 2, '08027847', '4002312001201708023958233137', '{\"situation\":{\"17\":{\"index\":17,\"key\":\"2017-08-02 08:30:00\",\"timestamp\":1501635600,\"is_use\":0,\"lable\":\"08:30-09:00\",\"checked\":1},\"18\":{\"index\":18,\"key\":\"2017-08-02 09:00:00\",\"timestamp\":1501637400,\"is_use\":0,\"lable\":\"09:00-09:30\",\"checked\":1},\"19\":{\"index\":19,\"key\":\"2017-08-02 09:30:00\",\"timestamp\":1501639200,\"is_use\":0,\"lable\":\"09:30-10:00\",\"checked\":1},\"20\":{\"index\":20,\"key\":\"2017-08-02 10:00:00\",\"timestamp\":1501641000,\"is_use\":0,\"lable\":\"10:00-10:30\",\"checked\":1},\"21\":{\"index\":21,\"key\":\"2017-08-02 10:30:00\",\"timestamp\":1501642800,\"is_use\":0,\"lable\":\"10:30-11:00\",\"checked\":1}}}', '0.01', '2.5', '0.03', '2017-08-02', '08:30-11:00'),
(24, 12, 'oX8KYwvbdoY-Ngq-nMqYBV1gODws', '', '', 0, 1, '', 10, 1501625307, 1501625317, 0, 0, 16, '', 2, '08022332', '4004422001201708023961500785', '{\"situation\":{\"13\":{\"index\":13,\"key\":\"2017-08-02 06:30:00\",\"timestamp\":1501628400,\"is_use\":0,\"lable\":\"06:30-07:00\",\"checked\":1},\"14\":{\"index\":14,\"key\":\"2017-08-02 07:00:00\",\"timestamp\":1501630200,\"is_use\":0,\"lable\":\"07:00-07:30\",\"checked\":1},\"15\":{\"index\":15,\"key\":\"2017-08-02 07:30:00\",\"timestamp\":1501632000,\"is_use\":0,\"lable\":\"07:30-08:00\",\"checked\":1}}}', '0.01', '1.5', '0.02', '2017-08-02', '06:30-08:00'),
(25, 12, 'oX8KYwnly4UHbqCxSuGW8iRGr7Cs', '', '', 0, 1, '', 10, 1501639875, 1501639893, 0, 0, 16, '', 2, '08022642', '4005492001201708023989507196', '{\"situation\":{\"23\":{\"index\":23,\"key\":\"2017-08-02 11:30:00\",\"timestamp\":1501646400,\"is_use\":0,\"lable\":\"11:30-12:00\",\"checked\":1},\"24\":{\"index\":24,\"key\":\"2017-08-02 12:00:00\",\"timestamp\":1501648200,\"is_use\":0,\"lable\":\"12:00-12:30\",\"checked\":1}}}', '0.01', '1.0', '0.01', '2017-08-02', '11:30-12:30'),
(26, 12, 'oX8KYwvbdoY-Ngq-nMqYBV1gODws', '', '', 0, 1, '', 10, 1501641711, 1501641728, 0, 0, 16, '', 2, '08022428', '4004422001201708023998586219', '{\"situation\":{\"39\":{\"index\":39,\"key\":\"2017-08-02 19:30:00\",\"timestamp\":1501675200,\"is_use\":0,\"lable\":\"19:30-20:00\",\"checked\":1},\"40\":{\"index\":40,\"key\":\"2017-08-02 20:00:00\",\"timestamp\":1501677000,\"is_use\":0,\"lable\":\"20:00-20:30\",\"checked\":1},\"41\":{\"index\":41,\"key\":\"2017-08-02 20:30:00\",\"timestamp\":1501678800,\"is_use\":0,\"lable\":\"20:30-21:00\",\"checked\":1}}}', '0.01', '1.5', '0.02', '2017-08-02', '19:30-21:00'),
(27, 12, 'oX8KYwvbdoY-Ngq-nMqYBV1gODws', '', '', 0, 0, '', 10, 1501642163, 0, 0, 0, 16, '', 0, '08026354', '', '{\"situation\":{\"30\":{\"index\":30,\"key\":\"2017-08-02 15:00:00\",\"timestamp\":1501659000,\"is_use\":0,\"lable\":\"15:00-15:30\",\"checked\":1},\"31\":{\"index\":31,\"key\":\"2017-08-02 15:30:00\",\"timestamp\":1501660800,\"is_use\":0,\"lable\":\"15:30-16:00\",\"checked\":1},\"32\":{\"index\":32,\"key\":\"2017-08-02 16:00:00\",\"timestamp\":1501662600,\"is_use\":0,\"lable\":\"16:00-16:30\",\"checked\":1}}}', '0.01', '1.5', '0.02', '2017-08-02', '15:00-16:30'),
(28, 12, 'oX8KYwnly4UHbqCxSuGW8iRGr7Cs', '', '', 0, 0, '', 10, 1501644558, 0, 0, 0, 16, '', 0, '08026662', '', '{\"situation\":{\"25\":{\"index\":25,\"key\":\"2017-08-02 12:30:00\",\"timestamp\":1501650000,\"is_use\":0,\"lable\":\"12:30-13:00\",\"checked\":1},\"26\":{\"index\":26,\"key\":\"2017-08-02 13:00:00\",\"timestamp\":1501651800,\"is_use\":0,\"lable\":\"13:00-13:30\",\"checked\":1},\"28\":{\"index\":28,\"key\":\"2017-08-02 14:00:00\",\"timestamp\":1501655400,\"is_use\":0,\"lable\":\"14:00-14:30\",\"checked\":1},\"29\":{\"index\":29,\"key\":\"2017-08-02 14:30:00\",\"timestamp\":1501657200,\"is_use\":0,\"lable\":\"14:30-15:00\",\"checked\":1}}}', '0.01', '2.0', '0.02', '2017-08-02', '12:30-15:00'),
(29, 12, 'oX8KYwnly4UHbqCxSuGW8iRGr7Cs', '', '', 0, 0, '', 10, 1501644567, 0, 0, 0, 16, '', 0, '08026414', '', '{\"situation\":{\"25\":{\"index\":25,\"key\":\"2017-08-02 12:30:00\",\"timestamp\":1501650000,\"is_use\":0,\"lable\":\"12:30-13:00\",\"checked\":1},\"26\":{\"index\":26,\"key\":\"2017-08-02 13:00:00\",\"timestamp\":1501651800,\"is_use\":0,\"lable\":\"13:00-13:30\",\"checked\":1},\"27\":{\"index\":27,\"key\":\"2017-08-02 13:30:00\",\"timestamp\":1501653600,\"is_use\":0,\"lable\":\"13:30-14:00\",\"checked\":1},\"28\":{\"index\":28,\"key\":\"2017-08-02 14:00:00\",\"timestamp\":1501655400,\"is_use\":0,\"lable\":\"14:00-14:30\",\"checked\":1},\"29\":{\"index\":29,\"key\":\"2017-08-02 14:30:00\",\"timestamp\":1501657200,\"is_use\":0,\"lable\":\"14:30-15:00\",\"checked\":1}}}', '0.01', '2.5', '0.03', '2017-08-02', '12:30-15:00'),
(30, 12, 'oX8KYwnly4UHbqCxSuGW8iRGr7Cs', '', '', 0, 0, '', 10, 1501644577, 0, 0, 0, 16, '', 0, '08027366', '', '{\"situation\":{\"25\":{\"index\":25,\"key\":\"2017-08-02 12:30:00\",\"timestamp\":1501650000,\"is_use\":0,\"lable\":\"12:30-13:00\",\"checked\":1},\"26\":{\"index\":26,\"key\":\"2017-08-02 13:00:00\",\"timestamp\":1501651800,\"is_use\":0,\"lable\":\"13:00-13:30\",\"checked\":1},\"27\":{\"index\":27,\"key\":\"2017-08-02 13:30:00\",\"timestamp\":1501653600,\"is_use\":0,\"lable\":\"13:30-14:00\",\"checked\":1},\"30\":{\"index\":30,\"key\":\"2017-08-02 15:00:00\",\"timestamp\":1501659000,\"is_use\":0,\"lable\":\"15:00-15:30\",\"checked\":1},\"31\":{\"index\":31,\"key\":\"2017-08-02 15:30:00\",\"timestamp\":1501660800,\"is_use\":0,\"lable\":\"15:30-16:00\",\"checked\":1}}}', '0.01', '2.5', '0.03', '2017-08-02', '12:30-16:00'),
(34, 12, 'oX8KYwnly4UHbqCxSuGW8iRGr7Cs', '', '', 0, 1, '', 10, 1501647689, 1501647711, 0, 0, 16, '', 2, '08028867', '4005492001201708024013987760', '{\"situation\":{\"26\":{\"index\":26,\"key\":\"2017-08-02 13:00:00\",\"timestamp\":1501651800,\"is_use\":0,\"lable\":\"13:00-13:30\",\"checked\":1},\"28\":{\"index\":28,\"key\":\"2017-08-02 14:00:00\",\"timestamp\":1501655400,\"is_use\":0,\"lable\":\"14:00-14:30\",\"checked\":1},\"29\":{\"index\":29,\"key\":\"2017-08-02 14:30:00\",\"timestamp\":1501657200,\"is_use\":0,\"lable\":\"14:30-15:00\",\"checked\":1},\"32\":{\"index\":32,\"key\":\"2017-08-02 16:00:00\",\"timestamp\":1501662600,\"is_use\":0,\"lable\":\"16:00-16:30\",\"checked\":1},\"33\":{\"index\":33,\"key\":\"2017-08-02 16:30:00\",\"timestamp\":1501664400,\"is_use\":0,\"lable\":\"16:30-17:00\",\"checked\":1}}}', '0.01', '2.5', '0.03', '2017-08-02', '13:00-17:00'),
(35, 12, 'oX8KYwvbdoY-Ngq-nMqYBV1gODws', '', '', 0, 0, '', 10, 1501647726, 0, 0, 0, 16, '', 0, '08020162', '', '{\"situation\":{\"26\":{\"index\":26,\"key\":\"2017-08-02 13:00:00\",\"timestamp\":1501651800,\"is_use\":0,\"lable\":\"13:00-13:30\",\"checked\":1},\"27\":{\"index\":27,\"key\":\"2017-08-02 13:30:00\",\"timestamp\":1501653600,\"is_use\":0,\"lable\":\"13:30-14:00\",\"checked\":1},\"28\":{\"index\":28,\"key\":\"2017-08-02 14:00:00\",\"timestamp\":1501655400,\"is_use\":0,\"lable\":\"14:00-14:30\",\"checked\":1},\"29\":{\"index\":29,\"key\":\"2017-08-02 14:30:00\",\"timestamp\":1501657200,\"is_use\":0,\"lable\":\"14:30-15:00\",\"checked\":1},\"30\":{\"index\":30,\"key\":\"2017-08-02 15:00:00\",\"timestamp\":1501659000,\"is_use\":0,\"lable\":\"15:00-15:30\",\"checked\":1}}}', '0.01', '2.5', '0.03', '2017-08-02', '13:00-15:30'),
(36, 12, 'oX8KYwkxwNW6qzHF4cF-tGxYTcPg', '', '', 0, 0, '', 10, 1501647952, 0, 0, 0, 16, '', 0, '08024288', '', '{\"situation\":{\"30\":{\"index\":30,\"key\":\"2017-08-02 15:00:00\",\"timestamp\":1501659000,\"is_use\":0,\"lable\":\"15:00-15:30\",\"checked\":1},\"31\":{\"index\":31,\"key\":\"2017-08-02 15:30:00\",\"timestamp\":1501660800,\"is_use\":0,\"lable\":\"15:30-16:00\",\"checked\":1}}}', '0.01', '1.0', '0.01', '2017-08-02', '15:00-16:00'),
(37, 12, 'oX8KYwvbdoY-Ngq-nMqYBV1gODws', '', '', 0, 0, '', 10, 1501647960, 0, 0, 0, 16, '', 0, '08028251', '', '{\"situation\":{\"30\":{\"index\":30,\"key\":\"2017-08-02 15:00:00\",\"timestamp\":1501659000,\"is_use\":0,\"lable\":\"15:00-15:30\",\"checked\":1},\"31\":{\"index\":31,\"key\":\"2017-08-02 15:30:00\",\"timestamp\":1501660800,\"is_use\":0,\"lable\":\"15:30-16:00\",\"checked\":1}}}', '0.01', '1.0', '0.01', '2017-08-02', '15:00-16:00'),
(39, 12, 'oX8KYwkxwNW6qzHF4cF-tGxYTcPg', '', '', 0, 1, '', 10, 1501648105, 1501648135, 0, 0, 16, '', 2, '08025328', '4002312001201708024017841200', '{\"situation\":{\"30\":{\"index\":30,\"key\":\"2017-08-02 15:00:00\",\"timestamp\":1501659000,\"is_use\":0,\"lable\":\"15:00-15:30\",\"checked\":1},\"31\":{\"index\":31,\"key\":\"2017-08-02 15:30:00\",\"timestamp\":1501660800,\"is_use\":0,\"lable\":\"15:30-16:00\",\"checked\":1}}}', '0.01', '1.0', '0.01', '2017-08-02', '15:00-16:00'),
(40, 12, 'oX8KYwvbdoY-Ngq-nMqYBV1gODws', '', '', 0, 1, '', 10, 1501648702, 1501648737, 0, 0, 16, '', 2, '08028332', '4004422001201708024020128066', '{\"situation\":{\"36\":{\"index\":36,\"key\":\"2017-08-02 18:00:00\",\"timestamp\":1501669800,\"is_use\":0,\"lable\":\"18:00-18:30\",\"checked\":1},\"37\":{\"index\":37,\"key\":\"2017-08-02 18:30:00\",\"timestamp\":1501671600,\"is_use\":0,\"lable\":\"18:30-19:00\",\"checked\":1}}}', '0.01', '1.0', '0.01', '2017-08-02', '18:00-19:00'),
(41, 12, 'oX8KYwvbdoY-Ngq-nMqYBV1gODws', '', '', 0, 1, '', 10, 1501648796, 1501648806, 0, 0, 16, '', 2, '08023602', '4004422001201708024020950528', '{\"situation\":{\"42\":{\"index\":42,\"key\":\"2017-08-02 21:00:00\",\"timestamp\":1501680600,\"is_use\":0,\"lable\":\"21:00-21:30\",\"checked\":1},\"43\":{\"index\":43,\"key\":\"2017-08-02 21:30:00\",\"timestamp\":1501682400,\"is_use\":0,\"lable\":\"21:30-22:00\",\"checked\":1}}}', '0.01', '1.0', '0.01', '2017-08-02', '21:00-22:00'),
(42, 13, 'oX8KYwnly4UHbqCxSuGW8iRGr7Cs', '', '', 0, 0, '', 10, 1501649172, 0, 0, 0, 16, '', 0, '08028281', '', '{\"situation\":{\"27\":{\"index\":27,\"key\":\"2017-08-02 13:30:00\",\"timestamp\":1501653600,\"is_use\":0,\"lable\":\"13:30-14:00\",\"checked\":1},\"29\":{\"index\":29,\"key\":\"2017-08-02 14:30:00\",\"timestamp\":1501657200,\"is_use\":0,\"lable\":\"14:30-15:00\",\"checked\":1}}}', '0.01', '1.0', '0.01', '2017-08-02', '13:30-15:00'),
(43, 12, 'oX8KYwvbdoY-Ngq-nMqYBV1gODws', '', '', 0, 0, '', 10, 1501651017, 0, 0, 0, 16, '', 0, '08020666', '', '{\"situation\":{\"27\":{\"index\":27,\"key\":\"2017-08-02 13:30:00\",\"timestamp\":1501653600,\"is_use\":0,\"lable\":\"13:30-14:00\",\"checked\":1}}}', '0.01', '0.5', '0.01', '2017-08-02', '13:30-14:00'),
(44, 12, 'oX8KYwvbdoY-Ngq-nMqYBV1gODws', '', '', 0, 0, '', 10, 1501651108, 0, 0, 0, 16, '', 0, '08028623', '', '{\"situation\":{\"27\":{\"index\":27,\"key\":\"2017-08-02 13:30:00\",\"timestamp\":1501653600,\"is_use\":0,\"lable\":\"13:30-14:00\",\"checked\":1},\"38\":{\"index\":38,\"key\":\"2017-08-02 19:00:00\",\"timestamp\":1501673400,\"is_use\":0,\"lable\":\"19:00-19:30\",\"checked\":1},\"44\":{\"index\":44,\"key\":\"2017-08-02 22:00:00\",\"timestamp\":1501684200,\"is_use\":0,\"lable\":\"22:00-22:30\",\"checked\":1}}}', '0.01', '1.5', '0.02', '2017-08-02', '13:30-22:30'),
(45, 13, 'oX8KYwvbdoY-Ngq-nMqYBV1gODws', '', '', 0, 1, '', 10, 1501651128, 1501651137, 0, 0, 16, '', 2, '08020631', '4004422001201708024028066223', '{\"situation\":{\"27\":{\"index\":27,\"key\":\"2017-08-02 13:30:00\",\"timestamp\":1501653600,\"is_use\":0,\"lable\":\"13:30-14:00\",\"checked\":1},\"28\":{\"index\":28,\"key\":\"2017-08-02 14:00:00\",\"timestamp\":1501655400,\"is_use\":0,\"lable\":\"14:00-14:30\",\"checked\":1}}}', '0.01', '1.0', '0.01', '2017-08-02', '13:30-14:30'),
(49, 13, 'oX8KYwvbdoY-Ngq-nMqYBV1gODws', '', '', 0, 0, '', 10, 1501651973, 0, 0, 0, 16, '', 0, '08023808', '', '{\"situation\":{\"39\":{\"index\":39,\"key\":\"2017-08-02 19:30:00\",\"timestamp\":1501675200,\"is_use\":0,\"lable\":\"19:30-20:00\",\"checked\":1},\"40\":{\"index\":40,\"key\":\"2017-08-02 20:00:00\",\"timestamp\":1501677000,\"is_use\":0,\"lable\":\"20:00-20:30\",\"checked\":1}}}', '0.01', '1.0', '0.01', '2017-08-02', '19:30-20:30'),
(52, 13, 'oX8KYwuCsosJa6XpDNHhLdIWIyyo', '', '', 0, 0, '', 10, 1501657264, 0, 0, 0, 16, '', 0, '08021225', '', '{\"situation\":{\"42\":{\"index\":42,\"key\":\"2017-08-02 21:00:00\",\"timestamp\":1501680600,\"is_use\":0,\"lable\":\"21:00-21:30\",\"checked\":1},\"43\":{\"index\":43,\"key\":\"2017-08-02 21:30:00\",\"timestamp\":1501682400,\"is_use\":0,\"lable\":\"21:30-22:00\",\"checked\":1},\"44\":{\"index\":44,\"key\":\"2017-08-02 22:00:00\",\"timestamp\":1501684200,\"is_use\":0,\"lable\":\"22:00-22:30\",\"checked\":1},\"45\":{\"index\":45,\"key\":\"2017-08-02 22:30:00\",\"timestamp\":1501686000,\"is_use\":0,\"lable\":\"22:30-23:00\",\"checked\":1},\"46\":{\"index\":46,\"key\":\"2017-08-02 23:00:00\",\"timestamp\":1501687800,\"is_use\":0,\"lable\":\"23:00-23:30\",\"checked\":1}}}', '0.01', '2.5', '0.03', '2017-08-02', '21:00-23:30'),
(53, 13, 'oX8KYwuCsosJa6XpDNHhLdIWIyyo', '', '', 0, 0, '', 10, 1501657274, 0, 0, 0, 16, '', 0, '08023662', '', '{\"situation\":{\"42\":{\"index\":42,\"key\":\"2017-08-02 21:00:00\",\"timestamp\":1501680600,\"is_use\":0,\"lable\":\"21:00-21:30\",\"checked\":1},\"43\":{\"index\":43,\"key\":\"2017-08-02 21:30:00\",\"timestamp\":1501682400,\"is_use\":0,\"lable\":\"21:30-22:00\",\"checked\":1},\"44\":{\"index\":44,\"key\":\"2017-08-02 22:00:00\",\"timestamp\":1501684200,\"is_use\":0,\"lable\":\"22:00-22:30\",\"checked\":1},\"45\":{\"index\":45,\"key\":\"2017-08-02 22:30:00\",\"timestamp\":1501686000,\"is_use\":0,\"lable\":\"22:30-23:00\",\"checked\":1},\"46\":{\"index\":46,\"key\":\"2017-08-02 23:00:00\",\"timestamp\":1501687800,\"is_use\":0,\"lable\":\"23:00-23:30\",\"checked\":1}}}', '0.01', '2.5', '0.03', '2017-08-02', '21:00-23:30'),
(54, 12, 'oX8KYwrEDx-dxPXCfprBGDdu3Ams', '', '', 0, 0, '', 10, 1501657380, 0, 0, 0, 16, '', 0, '08024844', '', '{\"situation\":{\"16\":{\"index\":16,\"key\":\"2017-08-07 08:00:00\",\"timestamp\":1502065800,\"is_use\":0,\"lable\":\"08:00-08:30\",\"checked\":1},\"17\":{\"index\":17,\"key\":\"2017-08-07 08:30:00\",\"timestamp\":1502067600,\"is_use\":0,\"lable\":\"08:30-09:00\",\"checked\":1},\"18\":{\"index\":18,\"key\":\"2017-08-07 09:00:00\",\"timestamp\":1502069400,\"is_use\":0,\"lable\":\"09:00-09:30\",\"checked\":1},\"19\":{\"index\":19,\"key\":\"2017-08-07 09:30:00\",\"timestamp\":1502071200,\"is_use\":0,\"lable\":\"09:30-10:00\",\"checked\":1},\"20\":{\"index\":20,\"key\":\"2017-08-07 10:00:00\",\"timestamp\":1502073000,\"is_use\":0,\"lable\":\"10:00-10:30\",\"checked\":1}}}', '0.01', '2.5', '0.03', '2017-08-02', '08:00-10:30'),
(55, 12, '', '', '', 0, 0, '', 10, 1501657380, 0, 0, 0, 16, '', 0, '08023125', '', '{\"situation\":{\"44\":{\"index\":44,\"key\":\"2017-08-02 22:00:00\",\"timestamp\":1501684200,\"is_use\":0,\"lable\":\"22:00-22:30\",\"checked\":1},\"45\":{\"index\":45,\"key\":\"2017-08-02 22:30:00\",\"timestamp\":1501686000,\"is_use\":0,\"lable\":\"22:30-23:00\",\"checked\":1}}}', '0.01', '1.0', '0.01', '2017-08-02', '22:00-23:00'),
(56, 13, 'oX8KYwuCsosJa6XpDNHhLdIWIyyo', '', '', 0, 1, '', 10, 1501657552, 1501657584, 0, 0, 16, '', 2, '08026831', '4001042001201708024048576092', '{\"situation\":{\"45\":{\"index\":45,\"key\":\"2017-08-02 22:30:00\",\"timestamp\":1501686000,\"is_use\":0,\"lable\":\"22:30-23:00\",\"checked\":1}}}', '0.01', '0.5', '0.01', '2017-08-02', '22:30-23:00'),
(57, 13, 'oX8KYwuCsosJa6XpDNHhLdIWIyyo', '', '', 0, 0, '', 10, 1501657608, 0, 0, 0, 16, '', 0, '08020904', '', '{\"situation\":{\"45\":{\"index\":45,\"key\":\"2017-08-02 22:30:00\",\"timestamp\":1501686000,\"is_use\":0,\"lable\":\"22:30-23:00\",\"checked\":1}}}', '0.01', '0.5', '0.01', '2017-08-02', '22:30-23:00'),
(58, 12, 'oX8KYwglvqaDSceekSdrVegvu5K8', '', '', 0, 0, '', 10, 1501657630, 0, 0, 0, 16, '', 0, '08028668', '', '{\"situation\":{\"38\":{\"index\":38,\"key\":\"2017-08-02 19:00:00\",\"timestamp\":1501673400,\"is_use\":0,\"lable\":\"19:00-19:30\",\"checked\":1}}}', '0.01', '0.5', '0.01', '2017-08-02', '19:00-19:30'),
(59, 12, 'oX8KYwpfQjhExt5IOmIwxU6POcVs', '', '', 0, 1, '', 10, 1501657870, 1501657888, 0, 0, 16, '', 2, '08026172', '4001132001201708024048815878', '{\"situation\":{\"44\":{\"index\":44,\"key\":\"2017-08-02 22:00:00\",\"timestamp\":1501684200,\"is_use\":0,\"lable\":\"22:00-22:30\",\"checked\":1},\"45\":{\"index\":45,\"key\":\"2017-08-02 22:30:00\",\"timestamp\":1501686000,\"is_use\":0,\"lable\":\"22:30-23:00\",\"checked\":1}}}', '0.01', '1.0', '0.01', '2017-08-02', '22:00-23:00'),
(60, 12, 'oX8KYwglvqaDSceekSdrVegvu5K8', '', '', 0, 1, '', 10, 1501658312, 1501658357, 0, 0, 16, '', 2, '08029556', '4008982001201708024045988548', '{\"situation\":{\"38\":{\"index\":38,\"key\":\"2017-08-02 19:00:00\",\"timestamp\":1501673400,\"is_use\":0,\"lable\":\"19:00-19:30\",\"checked\":1},\"46\":{\"index\":46,\"key\":\"2017-08-02 23:00:00\",\"timestamp\":1501687800,\"is_use\":0,\"lable\":\"23:00-23:30\",\"checked\":1}}}', '0.01', '1.0', '0.01', '2017-08-02', '19:00-23:30'),
(61, 12, 'oX8KYwook-esQarAtf-Jr6oEYRU8', '', '', 0, 0, '', 10, 1501658363, 0, 0, 0, 16, '', 0, '08025824', '', '{\"situation\":{\"46\":{\"index\":46,\"key\":\"2017-08-02 23:00:00\",\"timestamp\":1501687800,\"is_use\":0,\"lable\":\"23:00-23:30\",\"checked\":1}}}', '0.01', '0.5', '0.01', '2017-08-02', '23:00-23:30'),
(62, 13, 'oX8KYwrEDx-dxPXCfprBGDdu3Ams', '', '', 0, 0, '', 10, 1501658893, 0, 0, 0, 16, '', 0, '08028864', '', '{\"situation\":{\"34\":{\"index\":34,\"key\":\"2017-08-02 17:00:00\",\"timestamp\":1501666200,\"is_use\":0,\"lable\":\"17:00-17:30\",\"checked\":1},\"35\":{\"index\":35,\"key\":\"2017-08-02 17:30:00\",\"timestamp\":1501668000,\"is_use\":0,\"lable\":\"17:30-18:00\",\"checked\":1},\"36\":{\"index\":36,\"key\":\"2017-08-02 18:00:00\",\"timestamp\":1501669800,\"is_use\":0,\"lable\":\"18:00-18:30\",\"checked\":1},\"37\":{\"index\":37,\"key\":\"2017-08-02 18:30:00\",\"timestamp\":1501671600,\"is_use\":0,\"lable\":\"18:30-19:00\",\"checked\":1},\"38\":{\"index\":38,\"key\":\"2017-08-02 19:00:00\",\"timestamp\":1501673400,\"is_use\":0,\"lable\":\"19:00-19:30\",\"checked\":1},\"39\":{\"index\":39,\"key\":\"2017-08-02 19:30:00\",\"timestamp\":1501675200,\"is_use\":0,\"lable\":\"19:30-20:00\",\"checked\":1},\"40\":{\"index\":40,\"key\":\"2017-08-02 20:00:00\",\"timestamp\":1501677000,\"is_use\":0,\"lable\":\"20:00-20:30\",\"checked\":1}}}', '0.01', '3.5', '0.04', '2017-08-02', '17:00-20:30'),
(63, 12, 'oX8KYwkmB-AJXDov43v3w70jfQMM', '', '', 0, 0, '', 10, 1501660063, 0, 0, 0, 16, '', 0, '08024262', '', '{\"situation\":{\"2\":{\"index\":2,\"key\":\"2017-08-05 01:00:00\",\"timestamp\":1501867800,\"is_use\":0,\"lable\":\"01:00-01:30\",\"checked\":1},\"3\":{\"index\":3,\"key\":\"2017-08-05 01:30:00\",\"timestamp\":1501869600,\"is_use\":0,\"lable\":\"01:30-02:00\",\"checked\":1},\"4\":{\"index\":4,\"key\":\"2017-08-05 02:00:00\",\"timestamp\":1501871400,\"is_use\":0,\"lable\":\"02:00-02:30\",\"checked\":1},\"5\":{\"index\":5,\"key\":\"2017-08-05 02:30:00\",\"timestamp\":1501873200,\"is_use\":0,\"lable\":\"02:30-03:00\",\"checked\":1}}}', '0.01', '2.0', '0.02', '2017-08-02', '01:00-03:00'),
(64, 12, 'oX8KYwkmB-AJXDov43v3w70jfQMM', '', '', 0, 0, '', 10, 1501660091, 0, 0, 0, 16, '', 0, '08025695', '', '{\"situation\":{\"32\":{\"index\":32,\"key\":\"2017-08-05 16:00:00\",\"timestamp\":1501921800,\"is_use\":0,\"lable\":\"16:00-16:30\",\"checked\":1}}}', '0.01', '0.5', '0.01', '2017-08-02', '16:00-16:30'),
(65, 13, 'oX8KYwkxwNW6qzHF4cF-tGxYTcPg', '', '', 0, 0, '', 10, 1501660094, 0, 0, 0, 16, '', 0, '08024624', '', '{\"situation\":{\"2\":{\"index\":2,\"key\":\"2017-08-05 01:00:00\",\"timestamp\":1501867800,\"is_use\":0,\"lable\":\"01:00-01:30\",\"checked\":1},\"3\":{\"index\":3,\"key\":\"2017-08-05 01:30:00\",\"timestamp\":1501869600,\"is_use\":0,\"lable\":\"01:30-02:00\",\"checked\":1},\"4\":{\"index\":4,\"key\":\"2017-08-05 02:00:00\",\"timestamp\":1501871400,\"is_use\":0,\"lable\":\"02:00-02:30\",\"checked\":1},\"5\":{\"index\":5,\"key\":\"2017-08-05 02:30:00\",\"timestamp\":1501873200,\"is_use\":0,\"lable\":\"02:30-03:00\",\"checked\":1}}}', '0.01', '2.0', '0.02', '2017-08-02', '01:00-03:00'),
(66, 13, 'oX8KYwkxwNW6qzHF4cF-tGxYTcPg', '', '', 0, 0, '', 10, 1501660105, 0, 0, 0, 16, '', 0, '08020293', '', '{\"situation\":{\"2\":{\"index\":2,\"key\":\"2017-08-05 01:00:00\",\"timestamp\":1501867800,\"is_use\":0,\"lable\":\"01:00-01:30\",\"checked\":1},\"3\":{\"index\":3,\"key\":\"2017-08-05 01:30:00\",\"timestamp\":1501869600,\"is_use\":0,\"lable\":\"01:30-02:00\",\"checked\":1},\"4\":{\"index\":4,\"key\":\"2017-08-05 02:00:00\",\"timestamp\":1501871400,\"is_use\":0,\"lable\":\"02:00-02:30\",\"checked\":1},\"5\":{\"index\":5,\"key\":\"2017-08-05 02:30:00\",\"timestamp\":1501873200,\"is_use\":0,\"lable\":\"02:30-03:00\",\"checked\":1}}}', '0.01', '2.0', '0.02', '2017-08-02', '01:00-03:00'),
(67, 12, 'oX8KYwkmB-AJXDov43v3w70jfQMM', '', '', 0, 0, '', 10, 1501660235, 0, 0, 0, 16, '', 0, '08024863', '', '{\"situation\":{\"47\":{\"index\":47,\"key\":\"2017-08-02 23:30:00\",\"timestamp\":1501689600,\"is_use\":0,\"lable\":\"23:30-00:00\",\"checked\":1}}}', '0.01', '0.5', '0.01', '2017-08-02', '23:30-00:00'),
(68, 13, 'oX8KYwkxwNW6qzHF4cF-tGxYTcPg', '', '', 0, 0, '', 10, 1501660270, 0, 0, 0, 16, '', 0, '08021804', '', '{\"situation\":[{\"index\":0,\"key\":\"2017-08-07 00:00:00\",\"timestamp\":1502037000,\"is_use\":0,\"lable\":\"00:00-00:30\",\"checked\":1},{\"index\":1,\"key\":\"2017-08-07 00:30:00\",\"timestamp\":1502038800,\"is_use\":0,\"lable\":\"00:30-01:00\",\"checked\":1},{\"index\":2,\"key\":\"2017-08-07 01:00:00\",\"timestamp\":1502040600,\"is_use\":0,\"lable\":\"01:00-01:30\",\"checked\":1},{\"index\":3,\"key\":\"2017-08-07 01:30:00\",\"timestamp\":1502042400,\"is_use\":0,\"lable\":\"01:30-02:00\",\"checked\":1},{\"index\":4,\"key\":\"2017-08-07 02:00:00\",\"timestamp\":1502044200,\"is_use\":0,\"lable\":\"02:00-02:30\",\"checked\":1}]}', '0.01', '2.5', '0.03', '2017-08-02', '00:30-02:30'),
(69, 12, 'oX8KYwkmB-AJXDov43v3w70jfQMM', '', '', 0, 0, '', 10, 1501660282, 0, 0, 0, 16, '', 0, '08026489', '', '{\"situation\":{\"47\":{\"index\":47,\"key\":\"2017-08-02 23:30:00\",\"timestamp\":1501689600,\"is_use\":0,\"lable\":\"23:30-00:00\",\"checked\":1}}}', '0.01', '0.5', '0.01', '2017-08-02', '23:30-00:00'),
(70, 13, 'oX8KYwnjPlgsMwc04fYOnUxrlE9s', '', '', 0, 0, '', 10, 1501662683, 0, 0, 0, 16, '', 0, '08022864', '', '{\"situation\":{\"34\":{\"index\":34,\"key\":\"2017-08-02 17:00:00\",\"timestamp\":1501666200,\"is_use\":0,\"lable\":\"17:00-17:30\",\"checked\":1},\"35\":{\"index\":35,\"key\":\"2017-08-02 17:30:00\",\"timestamp\":1501668000,\"is_use\":0,\"lable\":\"17:30-18:00\",\"checked\":1},\"36\":{\"index\":36,\"key\":\"2017-08-02 18:00:00\",\"timestamp\":1501669800,\"is_use\":0,\"lable\":\"18:00-18:30\",\"checked\":1}}}', '0.01', '1.5', '0.02', '2017-08-02', '17:00-18:30'),
(71, 13, 'oX8KYwnjPlgsMwc04fYOnUxrlE9s', '', '', 0, 0, '', 10, 1501662718, 0, 0, 0, 16, '', 0, '08021812', '', '{\"situation\":{\"37\":{\"index\":37,\"key\":\"2017-08-02 18:30:00\",\"timestamp\":1501671600,\"is_use\":0,\"lable\":\"18:30-19:00\",\"checked\":1},\"38\":{\"index\":38,\"key\":\"2017-08-02 19:00:00\",\"timestamp\":1501673400,\"is_use\":0,\"lable\":\"19:00-19:30\",\"checked\":1},\"39\":{\"index\":39,\"key\":\"2017-08-02 19:30:00\",\"timestamp\":1501675200,\"is_use\":0,\"lable\":\"19:30-20:00\",\"checked\":1},\"40\":{\"index\":40,\"key\":\"2017-08-02 20:00:00\",\"timestamp\":1501677000,\"is_use\":0,\"lable\":\"20:00-20:30\",\"checked\":1}}}', '0.01', '2.0', '0.02', '2017-08-02', '18:30-20:30'),
(72, 13, 'oX8KYwnjPlgsMwc04fYOnUxrlE9s', '', '', 0, 1, '', 10, 1501662782, 1501662795, 0, 0, 16, '', 2, '08024148', '4003592001201708024058236837', '{\"situation\":{\"34\":{\"index\":34,\"key\":\"2017-08-02 17:00:00\",\"timestamp\":1501666200,\"is_use\":0,\"lable\":\"17:00-17:30\",\"checked\":1},\"35\":{\"index\":35,\"key\":\"2017-08-02 17:30:00\",\"timestamp\":1501668000,\"is_use\":0,\"lable\":\"17:30-18:00\",\"checked\":1},\"36\":{\"index\":36,\"key\":\"2017-08-02 18:00:00\",\"timestamp\":1501669800,\"is_use\":0,\"lable\":\"18:00-18:30\",\"checked\":1}}}', '0.01', '1.5', '0.02', '2017-08-02', '17:00-18:30'),
(73, 12, 'oX8KYwglvqaDSceekSdrVegvu5K8', '', '', 0, 0, '', 10, 1501662910, 0, 0, 0, 16, '', 0, '08028739', '', '{\"situation\":{\"47\":{\"index\":47,\"key\":\"2017-08-02 23:30:00\",\"timestamp\":1501689600,\"is_use\":0,\"lable\":\"23:30-00:00\",\"checked\":1}}}', '0.01', '0.5', '0.01', '2017-08-02', '23:30-00:00'),
(74, 12, 'oX8KYwglvqaDSceekSdrVegvu5K8', '', '', 0, 0, '', 10, 1501663621, 0, 0, 0, 16, '', 0, '08022026', '', '{\"situation\":[{\"index\":0,\"key\":\"2017-08-05 00:00:00\",\"timestamp\":1501864200,\"is_use\":0,\"lable\":\"00:00-00:30\",\"checked\":1}]}', '0.01', '0.5', '0.01', '2017-08-02', '00:00-00:30'),
(75, 12, 'oX8KYwkmB-AJXDov43v3w70jfQMM', '', '', 0, 0, '', 10, 1501664011, 0, 0, 0, 16, '', 0, '08028430', '', '{\"situation\":{\"46\":{\"index\":46,\"key\":\"2017-09-08 23:00:00\",\"timestamp\":1504884600,\"is_use\":0,\"lable\":\"23:00-23:30\",\"checked\":1}}}', '0.01', '0.5', '0.01', '2017-08-02', '23:00-23:30'),
(76, 12, 'oX8KYwglvqaDSceekSdrVegvu5K8', '', '', 0, 0, '', 10, 1501664089, 0, 0, 0, 16, '', 0, '08026828', '', '{\"situation\":[{\"index\":0,\"key\":\"2017-08-03 00:00:00\",\"timestamp\":1501691400,\"is_use\":0,\"lable\":\"00:00-00:30\",\"checked\":1},{\"index\":1,\"key\":\"2017-08-03 00:30:00\",\"timestamp\":1501693200,\"is_use\":0,\"lable\":\"00:30-01:00\",\"checked\":1}]}', '0.01', '1.0', '0.01', '2017-08-02', '00:30-01:00'),
(77, 12, 'oX8KYwglvqaDSceekSdrVegvu5K8', '', '', 0, 0, '', 10, 1501664127, 0, 0, 0, 16, '', 0, '08022541', '', '{\"situation\":[{\"index\":0,\"key\":\"2017-08-03 00:00:00\",\"timestamp\":1501691400,\"is_use\":0,\"lable\":\"00:00-00:30\",\"checked\":1},{\"index\":1,\"key\":\"2017-08-03 00:30:00\",\"timestamp\":1501693200,\"is_use\":0,\"lable\":\"00:30-01:00\",\"checked\":1}]}', '0.01', '1.0', '0.01', '2017-08-02', '00:30-01:00'),
(78, 12, 'oX8KYwglvqaDSceekSdrVegvu5K8', '', '', 0, 1, '', 10, 1501664436, 1501664458, 0, 0, 16, '', 2, '08025086', '4008982001201708024063712684', '{\"situation\":{\"47\":{\"index\":47,\"key\":\"2017-08-02 23:30:00\",\"timestamp\":1501689600,\"is_use\":0,\"lable\":\"23:30-00:00\",\"checked\":1}}}', '0.01', '0.5', '0.01', '2017-08-02', '23:30-00:00'),
(79, 12, 'oX8KYwkmB-AJXDov43v3w70jfQMM', '', '', 0, 0, '', 10, 1501664512, 0, 0, 0, 16, '', 0, '08024825', '', '{\"situation\":{\"44\":{\"index\":44,\"key\":\"2017-08-04 22:00:00\",\"timestamp\":1501857000,\"is_use\":0,\"lable\":\"22:00-22:30\",\"checked\":1}}}', '0.01', '0.5', '0.01', '2017-08-02', '22:00-22:30'),
(80, 12, 'oX8KYwkmB-AJXDov43v3w70jfQMM', '', '', 0, 0, '', 10, 1501664538, 0, 0, 0, 16, '', 0, '08026184', '', '{\"situation\":{\"4\":{\"index\":4,\"key\":\"2017-08-04 02:00:00\",\"timestamp\":1501785000,\"is_use\":0,\"lable\":\"02:00-02:30\",\"checked\":1}}}', '0.01', '0.5', '0.01', '2017-08-02', '02:00-02:30'),
(86, 13, 'oX8KYwglvqaDSceekSdrVegvu5K8', '', '', 0, 0, '', 10, 1501664702, 0, 0, 0, 16, '', 0, '08026648', '', '{\"situation\":{\"37\":{\"index\":37,\"key\":\"2017-08-02 18:30:00\",\"timestamp\":1501671600,\"is_use\":0,\"lable\":\"18:30-19:00\",\"checked\":1}}}', '0.01', '0.5', '0.01', '2017-08-02', '18:30-19:00'),
(87, 13, 'oX8KYwglvqaDSceekSdrVegvu5K8', '', '', 0, 0, '', 10, 1501664727, 0, 0, 0, 16, '', 0, '08026644', '', '{\"situation\":{\"37\":{\"index\":37,\"key\":\"2017-08-02 18:30:00\",\"timestamp\":1501671600,\"is_use\":0,\"lable\":\"18:30-19:00\",\"checked\":1}}}', '0.01', '0.5', '0.01', '2017-08-02', '18:30-19:00'),
(88, 13, 'oX8KYwglvqaDSceekSdrVegvu5K8', '', '', 0, 0, '', 10, 1501664773, 0, 0, 0, 16, '', 0, '08024848', '', '{\"situation\":{\"37\":{\"index\":37,\"key\":\"2017-08-02 18:30:00\",\"timestamp\":1501671600,\"is_use\":0,\"lable\":\"18:30-19:00\",\"checked\":1}}}', '0.01', '0.5', '0.01', '2017-08-02', '18:30-19:00'),
(89, 13, 'oX8KYwglvqaDSceekSdrVegvu5K8', '', '', 0, 1, '', 10, 1501664783, 1501664794, 0, 0, 16, '', 2, '08029841', '4008982001201708024063971348', '{\"situation\":{\"37\":{\"index\":37,\"key\":\"2017-08-02 18:30:00\",\"timestamp\":1501671600,\"is_use\":0,\"lable\":\"18:30-19:00\",\"checked\":1}}}', '0.01', '0.5', '0.01', '2017-08-02', '18:30-19:00'),
(90, 12, 'oX8KYwglvqaDSceekSdrVegvu5K8', '', '', 0, 1, '', 10, 1501664937, 1501664953, 0, 0, 16, '', 2, '08029421', '4008982001201708024065760361', '{\"situation\":{\"5\":{\"index\":5,\"key\":\"2017-08-03 02:30:00\",\"timestamp\":1501700400,\"is_use\":0,\"lable\":\"02:30-03:00\",\"checked\":1}}}', '0.01', '0.5', '0.01', '2017-08-02', '02:30-03:00'),
(91, 13, 'oX8KYwglvqaDSceekSdrVegvu5K8', '', '', 0, 0, '', 10, 1501665014, 0, 0, 0, 16, '', 0, '08020821', '', '{\"situation\":{\"43\":{\"index\":43,\"key\":\"2017-08-02 21:30:00\",\"timestamp\":1501682400,\"is_use\":0,\"lable\":\"21:30-22:00\",\"checked\":1}}}', '0.01', '0.5', '0.01', '2017-08-02', '21:30-22:00'),
(93, 13, 'oX8KYwglvqaDSceekSdrVegvu5K8', '', '', 0, 1, '', 10, 1501665189, 1501665200, 0, 0, 16, '', 2, '08023377', '4008982001201708024065855583', '{\"situation\":{\"43\":{\"index\":43,\"key\":\"2017-08-02 21:30:00\",\"timestamp\":1501682400,\"is_use\":0,\"lable\":\"21:30-22:00\",\"checked\":1}}}', '0.01', '0.5', '0.01', '2017-08-02', '21:30-22:00'),
(96, 13, 'oX8KYwglvqaDSceekSdrVegvu5K8', '', '', 0, 0, '', 10, 1501665999, 0, 0, 0, 16, '', 0, '08027444', '', '{\"situation\":{\"42\":{\"index\":42,\"key\":\"2017-08-02 21:00:00\",\"timestamp\":1501680600,\"is_use\":0,\"lable\":\"21:00-21:30\",\"checked\":1}}}', '0.01', '0.5', '0.01', '2017-08-02', '21:00-21:30'),
(97, 13, 'oX8KYwglvqaDSceekSdrVegvu5K8', '', '', 0, 0, '', 10, 1501666077, 0, 0, 0, 16, '', 0, '08028184', '', '{\"situation\":{\"42\":{\"index\":42,\"key\":\"2017-08-02 21:00:00\",\"timestamp\":1501680600,\"is_use\":0,\"lable\":\"21:00-21:30\",\"checked\":1}}}', '0.01', '0.5', '0.01', '2017-08-02', '21:00-21:30'),
(98, 13, 'oX8KYwglvqaDSceekSdrVegvu5K8', '', '', 0, 0, '', 10, 1501666085, 0, 0, 0, 16, '', 0, '08023281', '', '{\"situation\":{\"42\":{\"index\":42,\"key\":\"2017-08-02 21:00:00\",\"timestamp\":1501680600,\"is_use\":0,\"lable\":\"21:00-21:30\",\"checked\":1}}}', '0.01', '0.5', '0.01', '2017-08-02', '21:00-21:30'),
(99, 13, 'oX8KYwglvqaDSceekSdrVegvu5K8', '', '', 0, 0, '', 10, 1501666091, 0, 0, 0, 16, '', 0, '08026442', '', '{\"situation\":{\"42\":{\"index\":42,\"key\":\"2017-08-02 21:00:00\",\"timestamp\":1501680600,\"is_use\":0,\"lable\":\"21:00-21:30\",\"checked\":1}}}', '0.01', '0.5', '0.01', '2017-08-02', '21:00-21:30'),
(100, 13, 'oX8KYwglvqaDSceekSdrVegvu5K8', '', '', 0, 0, '', 10, 1501666099, 0, 0, 0, 16, '', 0, '08021278', '', '{\"situation\":{\"41\":{\"index\":41,\"key\":\"2017-08-02 20:30:00\",\"timestamp\":1501678800,\"is_use\":0,\"lable\":\"20:30-21:00\",\"checked\":1},\"42\":{\"index\":42,\"key\":\"2017-08-02 21:00:00\",\"timestamp\":1501680600,\"is_use\":0,\"lable\":\"21:00-21:30\",\"checked\":1}}}', '0.01', '1.0', '0.01', '2017-08-02', '20:30-21:30'),
(101, 13, 'oX8KYwglvqaDSceekSdrVegvu5K8', '', '', 0, 0, '', 10, 1501666109, 0, 0, 0, 16, '', 0, '08028266', '', '{\"situation\":{\"41\":{\"index\":41,\"key\":\"2017-08-02 20:30:00\",\"timestamp\":1501678800,\"is_use\":0,\"lable\":\"20:30-21:00\",\"checked\":1},\"42\":{\"index\":42,\"key\":\"2017-08-02 21:00:00\",\"timestamp\":1501680600,\"is_use\":0,\"lable\":\"21:00-21:30\",\"checked\":1}}}', '0.01', '1.0', '0.01', '2017-08-02', '20:30-21:30'),
(102, 13, 'oX8KYwglvqaDSceekSdrVegvu5K8', '', '', 0, 0, '', 10, 1501666118, 0, 0, 0, 16, '', 0, '08028288', '', '{\"situation\":{\"41\":{\"index\":41,\"key\":\"2017-08-02 20:30:00\",\"timestamp\":1501678800,\"is_use\":0,\"lable\":\"20:30-21:00\",\"checked\":1},\"42\":{\"index\":42,\"key\":\"2017-08-02 21:00:00\",\"timestamp\":1501680600,\"is_use\":0,\"lable\":\"21:00-21:30\",\"checked\":1}}}', '0.01', '1.0', '0.01', '2017-08-02', '20:30-21:30'),
(103, 13, 'oX8KYwglvqaDSceekSdrVegvu5K8', '', '', 0, 0, '', 10, 1501666460, 0, 0, 0, 16, '', 0, '08025690', '', '{\"situation\":{\"44\":{\"index\":44,\"key\":\"2017-08-02 22:00:00\",\"timestamp\":1501684200,\"is_use\":0,\"lable\":\"22:00-22:30\",\"checked\":1}}}', '0.01', '0.5', '0.01', '2017-08-02', '22:00-22:30'),
(104, 13, 'oX8KYwglvqaDSceekSdrVegvu5K8', '', '', 0, 0, '', 10, 1501666471, 0, 0, 0, 16, '', 0, '08022628', '', '{\"situation\":{\"44\":{\"index\":44,\"key\":\"2017-08-02 22:00:00\",\"timestamp\":1501684200,\"is_use\":0,\"lable\":\"22:00-22:30\",\"checked\":1}}}', '0.01', '0.5', '0.01', '2017-08-02', '22:00-22:30'),
(105, 13, 'oX8KYwglvqaDSceekSdrVegvu5K8', '', '', 0, 0, '', 10, 1501666477, 0, 0, 0, 16, '', 0, '08021689', '', '{\"situation\":{\"44\":{\"index\":44,\"key\":\"2017-08-02 22:00:00\",\"timestamp\":1501684200,\"is_use\":0,\"lable\":\"22:00-22:30\",\"checked\":1}}}', '0.01', '0.5', '0.01', '2017-08-02', '22:00-22:30'),
(106, 13, 'oX8KYwglvqaDSceekSdrVegvu5K8', '', '', 0, 0, '', 10, 1501666516, 0, 0, 0, 16, '', 0, '08028837', '', '{\"situation\":{\"44\":{\"index\":44,\"key\":\"2017-08-02 22:00:00\",\"timestamp\":1501684200,\"is_use\":0,\"lable\":\"22:00-22:30\",\"checked\":1}}}', '0.01', '0.5', '0.01', '2017-08-02', '22:00-22:30'),
(107, 0, 'oX8KYwuCsosJa6XpDNHhLdIWIyyo', '', '', 0, 1, '', 10, 1501666578, 1501666578, 0, 0, 16, '', 4, '08029486', '', '{\"situation\":null}', '0.00', '0.0', '0.00', '2017-08-02', '-'),
(108, 12, 'oX8KYwrEDx-dxPXCfprBGDdu3Ams', '', '', 0, 1, '', 10, 1501725063, 1501725074, 0, 0, 16, '', 2, '08034264', '4001532001201708034181980600', '{\"situation\":{\"22\":{\"index\":22,\"key\":\"2017-08-03 11:00:00\",\"timestamp\":1501731000,\"is_use\":0,\"lable\":\"11:00-11:30\",\"checked\":1},\"23\":{\"index\":23,\"key\":\"2017-08-03 11:30:00\",\"timestamp\":1501732800,\"is_use\":0,\"lable\":\"11:30-12:00\",\"checked\":1},\"24\":{\"index\":24,\"key\":\"2017-08-03 12:00:00\",\"timestamp\":1501734600,\"is_use\":0,\"lable\":\"12:00-12:30\",\"checked\":1},\"25\":{\"index\":25,\"key\":\"2017-08-03 12:30:00\",\"timestamp\":1501736400,\"is_use\":0,\"lable\":\"12:30-13:00\",\"checked\":1}}}', '0.01', '2.0', '0.02', '2017-08-03', '11:00-13:00'),
(109, 13, 'oX8KYwjVic3km-qssD9_qDOaCiFU', '', '', 0, 0, '', 10, 1501726517, 0, 0, 0, 16, '', 0, '08036606', '', '{\"situation\":{\"28\":{\"index\":28,\"key\":\"2017-08-03 14:00:00\",\"timestamp\":1501741800,\"is_use\":0,\"lable\":\"14:00-14:30\",\"checked\":1},\"29\":{\"index\":29,\"key\":\"2017-08-03 14:30:00\",\"timestamp\":1501743600,\"is_use\":0,\"lable\":\"14:30-15:00\",\"checked\":1},\"30\":{\"index\":30,\"key\":\"2017-08-03 15:00:00\",\"timestamp\":1501745400,\"is_use\":0,\"lable\":\"15:00-15:30\",\"checked\":1},\"31\":{\"index\":31,\"key\":\"2017-08-03 15:30:00\",\"timestamp\":1501747200,\"is_use\":0,\"lable\":\"15:30-16:00\",\"checked\":1}}}', '0.01', '2.0', '0.02', '2017-08-03', '14:00-16:00'),
(110, 13, 'oX8KYwglvqaDSceekSdrVegvu5K8', '', '', 0, 0, '', 10, 1501728092, 0, 0, 0, 16, '', 0, '08031168', '', '{\"situation\":{\"37\":{\"index\":37,\"key\":\"2017-08-03 18:30:00\",\"timestamp\":1501758000,\"is_use\":0,\"lable\":\"18:30-19:00\",\"checked\":1}}}', '0.01', '0.5', '0.01', '2017-08-03', '18:30-19:00'),
(111, 12, 'oX8KYwvSy722YROfeotESy6FZaho', '', '', 0, 1, '', 10, 1501728407, 1501728407, 0, 0, 16, '', 4, '08037221', '', '{\"situation\":{\"26\":{\"index\":26,\"key\":\"2017-08-03 13:00:00\",\"timestamp\":1501738200,\"is_use\":0,\"lable\":\"13:00-13:30\",\"checked\":1},\"27\":{\"index\":27,\"key\":\"2017-08-03 13:30:00\",\"timestamp\":1501740000,\"is_use\":0,\"lable\":\"13:30-14:00\",\"checked\":1},\"28\":{\"index\":28,\"key\":\"2017-08-03 14:00:00\",\"timestamp\":1501741800,\"is_use\":0,\"lable\":\"14:00-14:30\",\"checked\":1}}}', '0.00', '1.5', '0.00', '2017-08-03', '13:00-14:30'),
(112, 12, 'oX8KYwuCsosJa6XpDNHhLdIWIyyo', '', '', 0, 1, '', 10, 1501728468, 1501728468, 0, 0, 16, '', 4, '08038436', '', '{\"situation\":{\"42\":{\"index\":42,\"key\":\"2017-08-03 21:00:00\",\"timestamp\":1501767000,\"is_use\":0,\"lable\":\"21:00-21:30\",\"checked\":1},\"43\":{\"index\":43,\"key\":\"2017-08-03 21:30:00\",\"timestamp\":1501768800,\"is_use\":0,\"lable\":\"21:30-22:00\",\"checked\":1}}}', '0.00', '1.0', '0.00', '2017-08-03', '21:00-22:00'),
(113, 12, 'oX8KYwrEDx-dxPXCfprBGDdu3Ams', '', '', 0, 1, '', 10, 1501728592, 1501728592, 0, 0, 16, '', 4, '08030247', '', '{\"situation\":{\"29\":{\"index\":29,\"key\":\"2017-08-03 14:30:00\",\"timestamp\":1501743600,\"is_use\":0,\"lable\":\"14:30-15:00\",\"checked\":1},\"30\":{\"index\":30,\"key\":\"2017-08-03 15:00:00\",\"timestamp\":1501745400,\"is_use\":0,\"lable\":\"15:00-15:30\",\"checked\":1},\"31\":{\"index\":31,\"key\":\"2017-08-03 15:30:00\",\"timestamp\":1501747200,\"is_use\":0,\"lable\":\"15:30-16:00\",\"checked\":1},\"32\":{\"index\":32,\"key\":\"2017-08-03 16:00:00\",\"timestamp\":1501749000,\"is_use\":0,\"lable\":\"16:00-16:30\",\"checked\":1},\"33\":{\"index\":33,\"key\":\"2017-08-03 16:30:00\",\"timestamp\":1501750800,\"is_use\":0,\"lable\":\"16:30-17:00\",\"checked\":1},\"34\":{\"index\":34,\"key\":\"2017-08-03 17:00:00\",\"timestamp\":1501752600,\"is_use\":0,\"lable\":\"17:00-17:30\",\"checked\":1}}}', '0.00', '3.0', '0.00', '2017-08-03', '14:30-17:30'),
(114, 13, 'oX8KYwrEDx-dxPXCfprBGDdu3Ams', '', '', 0, 1, '', 10, 1501728706, 1501728706, 0, 0, 16, '', 4, '08038451', '', '{\"situation\":{\"22\":{\"index\":22,\"key\":\"2017-08-03 11:00:00\",\"timestamp\":1501731000,\"is_use\":0,\"lable\":\"11:00-11:30\",\"checked\":1}}}', '0.00', '0.5', '0.00', '2017-08-03', '11:00-11:30'),
(115, 13, 'oX8KYwglvqaDSceekSdrVegvu5K8', '', '', 0, 1, '', 10, 1501728992, 1501728992, 0, 0, 16, '', 4, '08035283', '', '{\"situation\":{\"40\":{\"index\":40,\"key\":\"2017-08-03 20:00:00\",\"timestamp\":1501763400,\"is_use\":0,\"lable\":\"20:00-20:30\",\"checked\":1}}}', '0.00', '0.5', '0.00', '2017-08-03', '20:00-20:30'),
(116, 12, 'oX8KYwvbdoY-Ngq-nMqYBV1gODws', '', '', 0, 1, '', 10, 1501729053, 1501729053, 0, 0, 16, '', 4, '08034267', '', '{\"situation\":{\"36\":{\"index\":36,\"key\":\"2017-08-03 18:00:00\",\"timestamp\":1501756200,\"is_use\":0,\"lable\":\"18:00-18:30\",\"checked\":1},\"37\":{\"index\":37,\"key\":\"2017-08-03 18:30:00\",\"timestamp\":1501758000,\"is_use\":0,\"lable\":\"18:30-19:00\",\"checked\":1},\"38\":{\"index\":38,\"key\":\"2017-08-03 19:00:00\",\"timestamp\":1501759800,\"is_use\":0,\"lable\":\"19:00-19:30\",\"checked\":1},\"39\":{\"index\":39,\"key\":\"2017-08-03 19:30:00\",\"timestamp\":1501761600,\"is_use\":0,\"lable\":\"19:30-20:00\",\"checked\":1},\"40\":{\"index\":40,\"key\":\"2017-08-03 20:00:00\",\"timestamp\":1501763400,\"is_use\":0,\"lable\":\"20:00-20:30\",\"checked\":1},\"41\":{\"index\":41,\"key\":\"2017-08-03 20:30:00\",\"timestamp\":1501765200,\"is_use\":0,\"lable\":\"20:30-21:00\",\"checked\":1}}}', '0.00', '3.0', '0.00', '2017-08-03', '18:00-21:00'),
(117, 13, 'oX8KYwglvqaDSceekSdrVegvu5K8', '', '', 0, 1, '', 10, 1501739383, 1501739383, 0, 0, 16, '', 4, '08031857', '', '{\"situation\":{\"42\":{\"index\":42,\"key\":\"2017-08-03 21:00:00\",\"timestamp\":1501767000,\"is_use\":0,\"lable\":\"21:00-21:30\",\"checked\":1}}}', '0.00', '0.5', '0.00', '2017-08-03', '21:00-21:30'),
(118, 12, 'oX8KYwook-esQarAtf-Jr6oEYRU8', '', '', 0, 1, '', 10, 1501749766, 1501749766, 0, 0, 16, '', 4, '08031340', '', '{\"situation\":{\"44\":{\"index\":44,\"key\":\"2017-08-03 22:00:00\",\"timestamp\":1501770600,\"is_use\":0,\"lable\":\"22:00-22:30\",\"checked\":1},\"45\":{\"index\":45,\"key\":\"2017-08-03 22:30:00\",\"timestamp\":1501772400,\"is_use\":0,\"lable\":\"22:30-23:00\",\"checked\":1}}}', '0.00', '1.0', '0.00', '2017-08-03', '22:00-23:00'),
(119, 13, 'oX8KYwglvqaDSceekSdrVegvu5K8', '', '', 0, 1, '', 10, 1501750724, 1501750724, 0, 0, 16, '', 4, '08038091', '', '{\"situation\":{\"34\":{\"index\":34,\"key\":\"2017-08-03 17:00:00\",\"timestamp\":1501752600,\"is_use\":0,\"lable\":\"17:00-17:30\",\"checked\":1},\"36\":{\"index\":36,\"key\":\"2017-08-03 18:00:00\",\"timestamp\":1501756200,\"is_use\":0,\"lable\":\"18:00-18:30\",\"checked\":1},\"39\":{\"index\":39,\"key\":\"2017-08-03 19:30:00\",\"timestamp\":1501761600,\"is_use\":0,\"lable\":\"19:30-20:00\",\"checked\":1}}}', '0.00', '1.5', '0.00', '2017-08-03', '17:00-20:00'),
(120, 12, 'oX8KYwglvqaDSceekSdrVegvu5K8', '', '', 0, 1, '', 10, 1501750752, 1501750752, 0, 0, 16, '', 4, '08036003', '', '{\"situation\":{\"3\":{\"index\":3,\"key\":\"2017-08-04 01:30:00\",\"timestamp\":1501783200,\"is_use\":0,\"lable\":\"01:30-02:00\",\"checked\":1},\"6\":{\"index\":6,\"key\":\"2017-08-04 03:00:00\",\"timestamp\":1501788600,\"is_use\":0,\"lable\":\"03:00-03:30\",\"checked\":1}}}', '0.00', '1.0', '0.00', '2017-08-03', '01:30-03:30'),
(121, 12, 'oX8KYwglvqaDSceekSdrVegvu5K8', '', '', 0, 1, '', 10, 1501751111, 1501751111, 0, 0, 16, '', 4, '08032594', '', '{\"situation\":{\"0\":{\"index\":0,\"key\":\"2017-08-05 00:00:00\",\"timestamp\":1501864200,\"is_use\":0,\"lable\":\"00:00-00:30\",\"checked\":1},\"5\":{\"index\":5,\"key\":\"2017-08-05 02:30:00\",\"timestamp\":1501873200,\"is_use\":0,\"lable\":\"02:30-03:00\",\"checked\":1},\"6\":{\"index\":6,\"key\":\"2017-08-05 03:00:00\",\"timestamp\":1501875000,\"is_use\":0,\"lable\":\"03:00-03:30\",\"checked\":1}}}', '0.00', '1.5', '0.00', '2017-08-03', '02:30-03:30'),
(122, 12, 'oX8KYwglvqaDSceekSdrVegvu5K8', '', '', 0, 1, '', 10, 1501752020, 1501752020, 0, 0, 16, '', 4, '08030477', '', '{\"situation\":{\"3\":{\"index\":3,\"key\":\"2017-08-04 01:30:00\",\"timestamp\":1501783200,\"is_use\":0,\"lable\":\"01:30-02:00\",\"checked\":1},\"4\":{\"index\":4,\"key\":\"2017-08-04 02:00:00\",\"timestamp\":1501785000,\"is_use\":0,\"lable\":\"02:00-02:30\",\"checked\":1},\"6\":{\"index\":6,\"key\":\"2017-08-04 03:00:00\",\"timestamp\":1501788600,\"is_use\":0,\"lable\":\"03:00-03:30\",\"checked\":1},\"7\":{\"index\":7,\"key\":\"2017-08-04 03:30:00\",\"timestamp\":1501790400,\"is_use\":0,\"lable\":\"03:30-04:00\",\"checked\":1},\"10\":{\"index\":10,\"key\":\"2017-08-04 05:00:00\",\"timestamp\":1501795800,\"is_use\":0,\"lable\":\"05:00-05:30\",\"checked\":1},\"12\":{\"index\":12,\"key\":\"2017-08-04 06:00:00\",\"timestamp\":1501799400,\"is_use\":0,\"lable\":\"06:00-06:30\",\"checked\":1},\"13\":{\"index\":13,\"key\":\"2017-08-04 06:30:00\",\"timestamp\":1501801200,\"is_use\":0,\"lable\":\"06:30-07:00\",\"checked\":1}}}', '0.00', '3.5', '0.00', '2017-08-03', '01:30-07:00'),
(123, 12, 'oX8KYwglvqaDSceekSdrVegvu5K8', '', '', 0, 1, '', 10, 1501752096, 1501752096, 0, 0, 16, '', 4, '08032091', '', '{\"situation\":{\"3\":{\"index\":3,\"key\":\"2017-08-04 01:30:00\",\"timestamp\":1501783200,\"is_use\":0,\"lable\":\"01:30-02:00\",\"checked\":1},\"4\":{\"index\":4,\"key\":\"2017-08-04 02:00:00\",\"timestamp\":1501785000,\"is_use\":0,\"lable\":\"02:00-02:30\",\"checked\":1},\"6\":{\"index\":6,\"key\":\"2017-08-04 03:00:00\",\"timestamp\":1501788600,\"is_use\":0,\"lable\":\"03:00-03:30\",\"checked\":1},\"7\":{\"index\":7,\"key\":\"2017-08-04 03:30:00\",\"timestamp\":1501790400,\"is_use\":0,\"lable\":\"03:30-04:00\",\"checked\":1},\"10\":{\"index\":10,\"key\":\"2017-08-04 05:00:00\",\"timestamp\":1501795800,\"is_use\":0,\"lable\":\"05:00-05:30\",\"checked\":1},\"12\":{\"index\":12,\"key\":\"2017-08-04 06:00:00\",\"timestamp\":1501799400,\"is_use\":0,\"lable\":\"06:00-06:30\",\"checked\":1},\"13\":{\"index\":13,\"key\":\"2017-08-04 06:30:00\",\"timestamp\":1501801200,\"is_use\":0,\"lable\":\"06:30-07:00\",\"checked\":1}}}', '0.00', '3.5', '0.00', '2017-08-03', '01:30-07:00'),
(124, 13, 'oX8KYwkxwNW6qzHF4cF-tGxYTcPg', '', '', 0, 1, '', 10, 1501754171, 1501754171, 0, 0, 16, '', 4, '08031262', '', '{\"situation\":{\"37\":{\"index\":37,\"key\":\"2017-08-03 18:30:00\",\"timestamp\":1501758000,\"is_use\":0,\"lable\":\"18:30-19:00\",\"checked\":1},\"38\":{\"index\":38,\"key\":\"2017-08-03 19:00:00\",\"timestamp\":1501759800,\"is_use\":0,\"lable\":\"19:00-19:30\",\"checked\":1}}}', '0.00', '1.0', '0.00', '2017-08-03', '18:30-19:30'),
(125, 13, 'oX8KYwkxwNW6qzHF4cF-tGxYTcPg', '', '', 0, 1, '', 10, 1501754495, 1501754495, 0, 0, 16, '', 4, '08031268', '', '{\"situation\":{\"41\":{\"index\":41,\"key\":\"2017-08-03 20:30:00\",\"timestamp\":1501765200,\"is_use\":0,\"lable\":\"20:30-21:00\",\"checked\":1}}}', '0.00', '0.5', '0.00', '2017-08-03', '20:30-21:00'),
(126, 13, 'oX8KYwkxwNW6qzHF4cF-tGxYTcPg', '', '', 0, 1, '', 10, 1501754551, 1501754551, 0, 0, 16, '', 4, '08032466', '', '{\"situation\":{\"41\":{\"index\":41,\"key\":\"2017-08-03 20:30:00\",\"timestamp\":1501765200,\"is_use\":0,\"lable\":\"20:30-21:00\",\"checked\":1},\"43\":{\"index\":43,\"key\":\"2017-08-03 21:30:00\",\"timestamp\":1501768800,\"is_use\":0,\"lable\":\"21:30-22:00\",\"checked\":1}}}', '0.00', '1.0', '0.00', '2017-08-03', '20:30-22:00'),
(127, 12, 'oX8KYwkxwNW6qzHF4cF-tGxYTcPg', '', '', 0, 1, '', 10, 1501754585, 1501754585, 0, 0, 16, '', 4, '08034646', '', '{\"situation\":{\"46\":{\"index\":46,\"key\":\"2017-08-03 23:00:00\",\"timestamp\":1501774200,\"is_use\":0,\"lable\":\"23:00-23:30\",\"checked\":1}}}', '0.00', '0.5', '0.00', '2017-08-03', '23:00-23:30'),
(128, 12, 'oX8KYwnly4UHbqCxSuGW8iRGr7Cs', '', '', 0, 1, '', 10, 1501759273, 1501759273, 0, 0, 16, '', 4, '08038491', '', '{\"situation\":{\"3\":{\"index\":3,\"key\":\"2017-08-07 01:30:00\",\"timestamp\":1502042400,\"is_use\":0,\"lable\":\"01:30-02:00\",\"checked\":1},\"6\":{\"index\":6,\"key\":\"2017-08-07 03:00:00\",\"timestamp\":1502047800,\"is_use\":0,\"lable\":\"03:00-03:30\",\"checked\":1}}}', '0.00', '1.0', '0.00', '2017-08-03', '01:30-03:30'),
(129, 12, 'oX8KYwuCsosJa6XpDNHhLdIWIyyo', '', '', 0, 1, '', 10, 1501759372, 1501759372, 0, 0, 16, '', 4, '08036242', '', '{\"situation\":{\"47\":{\"index\":47,\"key\":\"2017-08-03 23:30:00\",\"timestamp\":1501776000,\"is_use\":0,\"lable\":\"23:30-00:00\",\"checked\":1}}}', '0.00', '0.5', '0.00', '2017-08-03', '23:30-00:00'),
(130, 12, 'oX8KYwglvqaDSceekSdrVegvu5K8', '', '', 0, 1, '', 10, 1501759502, 1501759502, 0, 0, 16, '', 4, '08038316', '', '{\"situation\":{\"33\":{\"index\":33,\"key\":\"2017-08-05 16:30:00\",\"timestamp\":1501923600,\"is_use\":0,\"lable\":\"16:30-17:00\",\"checked\":1},\"34\":{\"index\":34,\"key\":\"2017-08-05 17:00:00\",\"timestamp\":1501925400,\"is_use\":0,\"lable\":\"17:00-17:30\",\"checked\":1},\"35\":{\"index\":35,\"key\":\"2017-08-05 17:30:00\",\"timestamp\":1501927200,\"is_use\":0,\"lable\":\"17:30-18:00\",\"checked\":1},\"36\":{\"index\":36,\"key\":\"2017-08-05 18:00:00\",\"timestamp\":1501929000,\"is_use\":0,\"lable\":\"18:00-18:30\",\"checked\":1}}}', '0.00', '2.0', '0.00', '2017-08-03', '16:30-18:30'),
(131, 13, 'oX8KYwrEDx-dxPXCfprBGDdu3Ams', '', '', 0, 1, '', 10, 1501759518, 1501759518, 0, 0, 16, '', 4, '08038482', '', '{\"situation\":{\"44\":{\"index\":44,\"key\":\"2017-08-03 22:00:00\",\"timestamp\":1501770600,\"is_use\":0,\"lable\":\"22:00-22:30\",\"checked\":1}}}', '0.00', '0.5', '0.00', '2017-08-03', '22:00-22:30');
INSERT INTO `ims_superdesk_boardroom_appointment` (`id`, `boardroom_id`, `openid`, `client_name`, `client_telphone`, `deleted`, `status`, `relate_id`, `people_num`, `createtime`, `updatetime`, `starttime`, `endtime`, `uniacid`, `paydetail`, `paytype`, `out_trade_no`, `transaction_id`, `situation`, `price`, `quantity`, `total`, `lable_ymd`, `lable_time`) VALUES
(132, 13, 'oX8KYwrEDx-dxPXCfprBGDdu3Ams', '', '', 0, 1, '', 10, 1501759539, 1501759539, 0, 0, 16, '', 4, '08033181', '', '{\"situation\":{\"45\":{\"index\":45,\"key\":\"2017-08-03 22:30:00\",\"timestamp\":1501772400,\"is_use\":0,\"lable\":\"22:30-23:00\",\"checked\":1}}}', '0.00', '0.5', '0.00', '2017-08-03', '22:30-23:00'),
(133, 13, 'oX8KYwrEDx-dxPXCfprBGDdu3Ams', '', '', 0, 1, '', 10, 1501759556, 1501759556, 0, 0, 16, '', 4, '08038261', '', '{\"situation\":{\"46\":{\"index\":46,\"key\":\"2017-08-03 23:00:00\",\"timestamp\":1501774200,\"is_use\":0,\"lable\":\"23:00-23:30\",\"checked\":1}}}', '0.00', '0.5', '0.00', '2017-08-03', '23:00-23:30'),
(135, 12, 'oX8KYwnly4UHbqCxSuGW8iRGr7Cs', '', '', 0, 1, '', 10, 1501764580, 1501764580, 0, 0, 16, '', 4, '08036854', '', '{\"situation\":{\"5\":{\"index\":5,\"key\":\"2017-09-03 02:30:00\",\"timestamp\":1504378800,\"is_use\":0,\"lable\":\"02:30-03:00\",\"checked\":1},\"6\":{\"index\":6,\"key\":\"2017-09-03 03:00:00\",\"timestamp\":1504380600,\"is_use\":0,\"lable\":\"03:00-03:30\",\"checked\":1},\"7\":{\"index\":7,\"key\":\"2017-09-03 03:30:00\",\"timestamp\":1504382400,\"is_use\":0,\"lable\":\"03:30-04:00\",\"checked\":1}}}', '0.00', '1.5', '0.00', '2017-08-03', '02:30-04:00'),
(136, 12, 'oX8KYwrEDx-dxPXCfprBGDdu3Ams', '', '', 0, 1, '', 10, 1501812883, 1501812883, 0, 0, 16, '', 4, '08042144', '', '{\"situation\":{\"23\":{\"index\":23,\"key\":\"2017-08-04 11:30:00\",\"timestamp\":1501819200,\"is_use\":0,\"lable\":\"11:30-12:00\",\"checked\":1}}}', '0.00', '0.5', '0.00', '2017-08-04', '11:30-12:00'),
(137, 12, 'oX8KYwuFkpUn0-p91w9p4jNMxeuM', '', '', 0, 1, '', 10, 1501814358, 1501814358, 0, 0, 16, '', 4, '08049068', '', '{\"situation\":{\"4\":{\"index\":4,\"key\":\"2017-08-09 02:00:00\",\"timestamp\":1502217000,\"is_use\":0,\"lable\":\"02:00-02:30\",\"checked\":1},\"5\":{\"index\":5,\"key\":\"2017-08-09 02:30:00\",\"timestamp\":1502218800,\"is_use\":0,\"lable\":\"02:30-03:00\",\"checked\":1},\"6\":{\"index\":6,\"key\":\"2017-08-09 03:00:00\",\"timestamp\":1502220600,\"is_use\":0,\"lable\":\"03:00-03:30\",\"checked\":1},\"7\":{\"index\":7,\"key\":\"2017-08-09 03:30:00\",\"timestamp\":1502222400,\"is_use\":0,\"lable\":\"03:30-04:00\",\"checked\":1}}}', '0.00', '2.0', '0.00', '2017-08-04', '02:00-04:00'),
(138, 12, 'oX8KYwnly4UHbqCxSuGW8iRGr7Cs', '', '', 0, 1, '', 10, 1501827781, 1501827781, 0, 0, 16, '', 4, '08048224', '', '{\"situation\":{\"32\":{\"index\":32,\"key\":\"2017-08-04 16:00:00\",\"timestamp\":1501835400,\"is_use\":0,\"lable\":\"16:00-16:30\",\"checked\":1},\"34\":{\"index\":34,\"key\":\"2017-08-04 17:00:00\",\"timestamp\":1501839000,\"is_use\":0,\"lable\":\"17:00-17:30\",\"checked\":1}}}', '0.00', '1.0', '0.00', '2017-08-04', '16:00-17:30'),
(139, 13, 'oX8KYwglvqaDSceekSdrVegvu5K8', '', '', 0, 1, '', 10, 1501829661, 1501829661, 0, 0, 16, '', 4, '08042629', '', '{\"situation\":{\"39\":{\"index\":39,\"key\":\"2017-08-04 19:30:00\",\"timestamp\":1501848000,\"is_use\":0,\"lable\":\"19:30-20:00\",\"checked\":1},\"40\":{\"index\":40,\"key\":\"2017-08-04 20:00:00\",\"timestamp\":1501849800,\"is_use\":0,\"lable\":\"20:00-20:30\",\"checked\":1},\"44\":{\"index\":44,\"key\":\"2017-08-04 22:00:00\",\"timestamp\":1501857000,\"is_use\":0,\"lable\":\"22:00-22:30\",\"checked\":1}}}', '0.00', '1.5', '0.00', '2017-08-04', '19:30-22:30'),
(140, 13, 'oX8KYwglvqaDSceekSdrVegvu5K8', '', '', 0, 1, '', 10, 1501831270, 1501831270, 0, 0, 16, '', 4, '08043438', '', '{\"situation\":{\"41\":{\"index\":41,\"key\":\"2017-08-04 20:30:00\",\"timestamp\":1501851600,\"is_use\":0,\"lable\":\"20:30-21:00\",\"checked\":1}}}', '0.00', '0.5', '0.00', '2017-08-04', '20:30-21:00'),
(141, 12, 'oX8KYwio353oRxOehQuikCYBJA5g', '', '', 0, 1, '', 10, 1501834035, 1501834035, 0, 0, 16, '', 4, '08042243', '', '{\"situation\":{\"33\":{\"index\":33,\"key\":\"2017-08-04 16:30:00\",\"timestamp\":1501837200,\"is_use\":0,\"lable\":\"16:30-17:00\",\"checked\":1}}}', '0.00', '0.5', '0.00', '2017-08-04', '16:30-17:00'),
(142, 12, 'oX8KYwio353oRxOehQuikCYBJA5g', '', '', 0, 1, '', 10, 1501835361, 1501835361, 0, 0, 16, '', 4, '08042446', '', '{\"situation\":{\"36\":{\"index\":36,\"key\":\"2017-08-04 18:00:00\",\"timestamp\":1501842600,\"is_use\":0,\"lable\":\"18:00-18:30\",\"checked\":1},\"37\":{\"index\":37,\"key\":\"2017-08-04 18:30:00\",\"timestamp\":1501844400,\"is_use\":0,\"lable\":\"18:30-19:00\",\"checked\":1},\"38\":{\"index\":38,\"key\":\"2017-08-04 19:00:00\",\"timestamp\":1501846200,\"is_use\":0,\"lable\":\"19:00-19:30\",\"checked\":1},\"39\":{\"index\":39,\"key\":\"2017-08-04 19:30:00\",\"timestamp\":1501848000,\"is_use\":0,\"lable\":\"19:30-20:00\",\"checked\":1},\"40\":{\"index\":40,\"key\":\"2017-08-04 20:00:00\",\"timestamp\":1501849800,\"is_use\":0,\"lable\":\"20:00-20:30\",\"checked\":1},\"41\":{\"index\":41,\"key\":\"2017-08-04 20:30:00\",\"timestamp\":1501851600,\"is_use\":0,\"lable\":\"20:30-21:00\",\"checked\":1}}}', '0.00', '3.0', '0.00', '2017-08-04', '18:00-21:00'),
(143, 12, 'oX8KYwkxwNW6qzHF4cF-tGxYTcPg', '', '', 0, 1, '', 10, 1501846103, 1501846103, 1501851600, 1501776000, 16, '', 4, '08046469', '', '{\"situation\":{\"42\":{\"index\":42,\"key\":\"2017-08-04 21:00:00\",\"timestamp\":1501853400,\"is_use\":0,\"lable\":\"21:00-21:30\",\"checked\":1},\"43\":{\"index\":43,\"key\":\"2017-08-04 21:30:00\",\"timestamp\":1501855200,\"is_use\":0,\"lable\":\"21:30-22:00\",\"checked\":1},\"44\":{\"index\":44,\"key\":\"2017-08-04 22:00:00\",\"timestamp\":1501857000,\"is_use\":0,\"lable\":\"22:00-22:30\",\"checked\":1},\"45\":{\"index\":45,\"key\":\"2017-08-04 22:30:00\",\"timestamp\":1501858800,\"is_use\":0,\"lable\":\"22:30-23:00\",\"checked\":1},\"46\":{\"index\":46,\"key\":\"2017-08-04 23:00:00\",\"timestamp\":1501860600,\"is_use\":0,\"lable\":\"23:00-23:30\",\"checked\":1},\"47\":{\"index\":47,\"key\":\"2017-08-04 23:30:00\",\"timestamp\":1501862400,\"is_use\":0,\"lable\":\"23:30-00:00\",\"checked\":1}}}', '0.00', '3.0', '0.00', '2017-08-04', '21:00-00:00'),
(144, 13, 'oX8KYwkxwNW6qzHF4cF-tGxYTcPg', '', '', 0, 1, '', 10, 1501847435, 1501847435, 1501851600, 1501776000, 16, '', 4, '08043996', '', '{\"situation\":{\"42\":{\"index\":42,\"key\":\"2017-08-04 21:00:00\",\"timestamp\":1501853400,\"is_use\":0,\"lable\":\"21:00-21:30\",\"checked\":1},\"43\":{\"index\":43,\"key\":\"2017-08-04 21:30:00\",\"timestamp\":1501855200,\"is_use\":0,\"lable\":\"21:30-22:00\",\"checked\":1},\"45\":{\"index\":45,\"key\":\"2017-08-04 22:30:00\",\"timestamp\":1501858800,\"is_use\":0,\"lable\":\"22:30-23:00\",\"checked\":1},\"46\":{\"index\":46,\"key\":\"2017-08-04 23:00:00\",\"timestamp\":1501860600,\"is_use\":0,\"lable\":\"23:00-23:30\",\"checked\":1},\"47\":{\"index\":47,\"key\":\"2017-08-04 23:30:00\",\"timestamp\":1501862400,\"is_use\":0,\"lable\":\"23:30-00:00\",\"checked\":1}}}', '0.00', '2.5', '0.00', '2017-08-04', '21:00-00:00'),
(145, 12, 'oX8KYwuCsosJa6XpDNHhLdIWIyyo', '', '', 0, 1, '', 10, 1501852981, 1501852981, 1501797600, 1501804800, 16, '', 4, '08040298', '', '{\"situation\":{\"12\":{\"index\":12,\"key\":\"2017-08-05 06:00:00\",\"timestamp\":1501885800,\"is_use\":0,\"lable\":\"06:00-06:30\",\"checked\":1},\"13\":{\"index\":13,\"key\":\"2017-08-05 06:30:00\",\"timestamp\":1501887600,\"is_use\":0,\"lable\":\"06:30-07:00\",\"checked\":1},\"14\":{\"index\":14,\"key\":\"2017-08-05 07:00:00\",\"timestamp\":1501889400,\"is_use\":0,\"lable\":\"07:00-07:30\",\"checked\":1},\"15\":{\"index\":15,\"key\":\"2017-08-05 07:30:00\",\"timestamp\":1501891200,\"is_use\":0,\"lable\":\"07:30-08:00\",\"checked\":1}}}', '0.00', '2.0', '0.00', '2017-08-04', '06:00-08:00'),
(146, 12, 'oX8KYwuCsosJa6XpDNHhLdIWIyyo', '', '', 0, 1, '', 10, 1501852992, 1501852992, 1501797600, 1501804800, 16, '', 4, '08046232', '', '{\"situation\":{\"12\":{\"index\":12,\"key\":\"2017-08-05 06:00:00\",\"timestamp\":1501885800,\"is_use\":0,\"lable\":\"06:00-06:30\",\"checked\":1},\"13\":{\"index\":13,\"key\":\"2017-08-05 06:30:00\",\"timestamp\":1501887600,\"is_use\":0,\"lable\":\"06:30-07:00\",\"checked\":1},\"14\":{\"index\":14,\"key\":\"2017-08-05 07:00:00\",\"timestamp\":1501889400,\"is_use\":0,\"lable\":\"07:00-07:30\",\"checked\":1},\"15\":{\"index\":15,\"key\":\"2017-08-05 07:30:00\",\"timestamp\":1501891200,\"is_use\":0,\"lable\":\"07:30-08:00\",\"checked\":1}}}', '0.00', '2.0', '0.00', '2017-08-04', '06:00-08:00'),
(147, 12, 'oX8KYwutluzuhcJhorvPV6WPcV00', '', '', 0, 1, '', 10, 1501853013, 1501853013, 1501799400, 1501812000, 16, '', 4, '08046406', '', '{\"situation\":{\"13\":{\"index\":13,\"key\":\"2017-08-05 06:30:00\",\"timestamp\":1501887600,\"is_use\":0,\"lable\":\"06:30-07:00\",\"checked\":1},\"14\":{\"index\":14,\"key\":\"2017-08-05 07:00:00\",\"timestamp\":1501889400,\"is_use\":0,\"lable\":\"07:00-07:30\",\"checked\":1},\"15\":{\"index\":15,\"key\":\"2017-08-05 07:30:00\",\"timestamp\":1501891200,\"is_use\":0,\"lable\":\"07:30-08:00\",\"checked\":1},\"16\":{\"index\":16,\"key\":\"2017-08-05 08:00:00\",\"timestamp\":1501893000,\"is_use\":0,\"lable\":\"08:00-08:30\",\"checked\":1},\"17\":{\"index\":17,\"key\":\"2017-08-05 08:30:00\",\"timestamp\":1501894800,\"is_use\":0,\"lable\":\"08:30-09:00\",\"checked\":1},\"18\":{\"index\":18,\"key\":\"2017-08-05 09:00:00\",\"timestamp\":1501896600,\"is_use\":0,\"lable\":\"09:00-09:30\",\"checked\":1},\"19\":{\"index\":19,\"key\":\"2017-08-05 09:30:00\",\"timestamp\":1501898400,\"is_use\":0,\"lable\":\"09:30-10:00\",\"checked\":1}}}', '0.00', '3.5', '0.00', '2017-08-04', '06:30-10:00'),
(148, 12, 'oX8KYwjVic3km-qssD9_qDOaCiFU', '', '', 0, 1, '', 10, 1502002735, 1502002735, 1502010000, 1502015400, 16, '', 4, '08060382', '', '{\"situation\":{\"34\":{\"index\":34,\"key\":\"2017-08-06 17:00:00\",\"timestamp\":1502011800,\"is_use\":0,\"lable\":\"17:00-17:30\",\"checked\":1},\"35\":{\"index\":35,\"key\":\"2017-08-06 17:30:00\",\"timestamp\":1502013600,\"is_use\":0,\"lable\":\"17:30-18:00\",\"checked\":1},\"36\":{\"index\":36,\"key\":\"2017-08-06 18:00:00\",\"timestamp\":1502015400,\"is_use\":0,\"lable\":\"18:00-18:30\",\"checked\":1}}}', '0.00', '1.5', '0.00', '2017-08-06', '17:00-18:30'),
(149, 13, 'oX8KYwjVic3km-qssD9_qDOaCiFU', '', '', 0, 1, '', 10, 1502003885, 1502003885, 1502004600, 1502011800, 16, '', 4, '08062341', '', '{\"situation\":{\"31\":{\"index\":31,\"key\":\"2017-08-06 15:30:00\",\"timestamp\":1502006400,\"is_use\":0,\"lable\":\"15:30-16:00\",\"checked\":1},\"32\":{\"index\":32,\"key\":\"2017-08-06 16:00:00\",\"timestamp\":1502008200,\"is_use\":0,\"lable\":\"16:00-16:30\",\"checked\":1},\"33\":{\"index\":33,\"key\":\"2017-08-06 16:30:00\",\"timestamp\":1502010000,\"is_use\":0,\"lable\":\"16:30-17:00\",\"checked\":1},\"34\":{\"index\":34,\"key\":\"2017-08-06 17:00:00\",\"timestamp\":1502011800,\"is_use\":0,\"lable\":\"17:00-17:30\",\"checked\":1}}}', '0.00', '2.0', '0.00', '2017-08-06', '15:30-17:30'),
(150, 14, 'oX8KYwglvqaDSceekSdrVegvu5K8', '', '', 0, 1, '', 10, 1502074499, 1502074499, 1502083800, 1502085600, 16, '', 4, '08074044', '', '{\"situation\":{\"27\":{\"index\":27,\"key\":\"2017-08-07 13:30:00\",\"timestamp\":1502085600,\"is_use\":0,\"lable\":\"13:30-14:00\",\"checked\":1}}}', '0.00', '0.5', '0.00', '2017-08-07', '13:30-14:00'),
(151, 14, 'oX8KYwglvqaDSceekSdrVegvu5K8', '', '', 0, 1, '', 10, 1502075076, 1502075076, 1502083800, 1502085600, 16, '', 4, '08076742', '', '{\"situation\":{\"27\":{\"index\":27,\"key\":\"2017-08-07 13:30:00\",\"timestamp\":1502085600,\"is_use\":0,\"lable\":\"13:30-14:00\",\"checked\":1}}}', '0.00', '0.5', '0.00', '2017-08-07', '13:30-14:00'),
(152, 12, 'oX8KYwjfJQp73nJb50rJ_wh0zbZ0', '', '', 0, 1, '', 10, 1502086036, 1502086036, 1502092800, 1502100000, 16, '', 4, '08073648', '', '{\"situation\":{\"32\":{\"index\":32,\"key\":\"2017-08-07 16:00:00\",\"timestamp\":1502094600,\"is_use\":0,\"lable\":\"16:00-16:30\",\"checked\":1},\"33\":{\"index\":33,\"key\":\"2017-08-07 16:30:00\",\"timestamp\":1502096400,\"is_use\":0,\"lable\":\"16:30-17:00\",\"checked\":1},\"34\":{\"index\":34,\"key\":\"2017-08-07 17:00:00\",\"timestamp\":1502098200,\"is_use\":0,\"lable\":\"17:00-17:30\",\"checked\":1},\"35\":{\"index\":35,\"key\":\"2017-08-07 17:30:00\",\"timestamp\":1502100000,\"is_use\":0,\"lable\":\"17:30-18:00\",\"checked\":1}}}', '0.00', '2.0', '0.00', '2017-08-07', '16:00-18:00'),
(153, 12, 'oX8KYwglvqaDSceekSdrVegvu5K8', '', '', 0, 1, '', 10, 1502086592, 1502086592, 1502100000, 1502101800, 16, '', 4, '08076282', '', '{\"situation\":{\"36\":{\"index\":36,\"key\":\"2017-08-07 18:00:00\",\"timestamp\":1502101800,\"is_use\":0,\"lable\":\"18:00-18:30\",\"checked\":1}}}', '0.00', '0.5', '0.00', '2017-08-07', '18:00-18:30'),
(154, 12, 'oX8KYwglvqaDSceekSdrVegvu5K8', '', '', 0, 1, '', 10, 1502086741, 1502086741, 1502103600, 1502105400, 16, '', 4, '08078024', '', '{\"situation\":{\"38\":{\"index\":38,\"key\":\"2017-08-07 19:00:00\",\"timestamp\":1502105400,\"is_use\":0,\"lable\":\"19:00-19:30\",\"checked\":1}}}', '0.00', '0.5', '0.00', '2017-08-07', '19:00-19:30'),
(155, 12, 'oX8KYwglvqaDSceekSdrVegvu5K8', '', '', 0, 1, '', 10, 1502086816, 1502086816, 1502114400, 1502116200, 16, '', 4, '08074843', '', '{\"situation\":{\"44\":{\"index\":44,\"key\":\"2017-08-07 22:00:00\",\"timestamp\":1502116200,\"is_use\":0,\"lable\":\"22:00-22:30\",\"checked\":1}}}', '0.00', '0.5', '0.00', '2017-08-07', '22:00-22:30'),
(156, 12, 'oX8KYwglvqaDSceekSdrVegvu5K8', '', '', 0, 1, '', 10, 1502090560, 1502090560, 1502110800, 1502112600, 16, '', 4, '08070586', '', '{\"situation\":{\"42\":{\"index\":42,\"key\":\"2017-08-07 21:00:00\",\"timestamp\":1502112600,\"is_use\":0,\"lable\":\"21:00-21:30\",\"checked\":1}}}', '0.00', '0.5', '0.00', '2017-08-07', '21:00-21:30'),
(157, 13, 'oX8KYwglvqaDSceekSdrVegvu5K8', '', '', 0, 1, '', 10, 1502092403, 1502092403, 1502098200, 1502100000, 16, '', 4, '08078964', '', '{\"situation\":{\"35\":{\"index\":35,\"key\":\"2017-08-07 17:30:00\",\"timestamp\":1502100000,\"is_use\":0,\"lable\":\"17:30-18:00\",\"checked\":1}}}', '0.00', '0.5', '0.00', '2017-08-07', '17:30-18:00'),
(158, 19, 'oX8KYwglvqaDSceekSdrVegvu5K8', '', '', 0, 0, '', 10, 1502094030, 0, 1502107200, 1502109000, 16, '', 0, '08070468', '', '{\"situation\":{\"40\":{\"index\":40,\"key\":\"2017-08-07 20:00:00\",\"timestamp\":1502109000,\"is_use\":0,\"lable\":\"20:00-20:30\",\"checked\":1}}}', '0.01', '0.5', '0.01', '2017-08-07', '20:00-20:30'),
(159, 17, 'oX8KYwlxpI2EjKD7A-YzclBPC3wQ', '', '', 0, 1, '', 10, 1502094042, 1502094042, 1502101800, 1502112600, 16, '', 4, '08072222', '', '{\"situation\":{\"37\":{\"index\":37,\"key\":\"2017-08-07 18:30:00\",\"timestamp\":1502103600,\"is_use\":0,\"lable\":\"18:30-19:00\",\"checked\":1},\"38\":{\"index\":38,\"key\":\"2017-08-07 19:00:00\",\"timestamp\":1502105400,\"is_use\":0,\"lable\":\"19:00-19:30\",\"checked\":1},\"39\":{\"index\":39,\"key\":\"2017-08-07 19:30:00\",\"timestamp\":1502107200,\"is_use\":0,\"lable\":\"19:30-20:00\",\"checked\":1},\"40\":{\"index\":40,\"key\":\"2017-08-07 20:00:00\",\"timestamp\":1502109000,\"is_use\":0,\"lable\":\"20:00-20:30\",\"checked\":1},\"41\":{\"index\":41,\"key\":\"2017-08-07 20:30:00\",\"timestamp\":1502110800,\"is_use\":0,\"lable\":\"20:30-21:00\",\"checked\":1},\"42\":{\"index\":42,\"key\":\"2017-08-07 21:00:00\",\"timestamp\":1502112600,\"is_use\":0,\"lable\":\"21:00-21:30\",\"checked\":1}}}', '0.00', '3.0', '0.00', '2017-08-07', '18:30-21:30'),
(160, 19, 'oX8KYwpfQjhExt5IOmIwxU6POcVs', '', '', 0, 0, '', 10, 1502162343, 0, 1502182800, 1502190000, 16, '', 0, '08082276', '', '{\"situation\":{\"34\":{\"index\":34,\"key\":\"2017-08-14 17:00:00\",\"timestamp\":1502703000,\"is_use\":0,\"lable\":\"17:00-17:30\",\"checked\":1},\"35\":{\"index\":35,\"key\":\"2017-08-14 17:30:00\",\"timestamp\":1502704800,\"is_use\":0,\"lable\":\"17:30-18:00\",\"checked\":1},\"36\":{\"index\":36,\"key\":\"2017-08-14 18:00:00\",\"timestamp\":1502706600,\"is_use\":0,\"lable\":\"18:00-18:30\",\"checked\":1},\"37\":{\"index\":37,\"key\":\"2017-08-14 18:30:00\",\"timestamp\":1502708400,\"is_use\":0,\"lable\":\"18:30-19:00\",\"checked\":1}}}', '80.00', '2.0', '160.00', '2017-08-08', '17:00-19:00'),
(161, 19, 'oX8KYwpfQjhExt5IOmIwxU6POcVs', '', '', 0, 0, '', 10, 1502162367, 0, 1502182800, 1502190000, 16, '', 0, '08080204', '', '{\"situation\":{\"34\":{\"index\":34,\"key\":\"2017-08-14 17:00:00\",\"timestamp\":1502703000,\"is_use\":0,\"lable\":\"17:00-17:30\",\"checked\":1},\"35\":{\"index\":35,\"key\":\"2017-08-14 17:30:00\",\"timestamp\":1502704800,\"is_use\":0,\"lable\":\"17:30-18:00\",\"checked\":1},\"36\":{\"index\":36,\"key\":\"2017-08-14 18:00:00\",\"timestamp\":1502706600,\"is_use\":0,\"lable\":\"18:00-18:30\",\"checked\":1},\"37\":{\"index\":37,\"key\":\"2017-08-14 18:30:00\",\"timestamp\":1502708400,\"is_use\":0,\"lable\":\"18:30-19:00\",\"checked\":1}}}', '80.00', '2.0', '160.00', '2017-08-08', '17:00-19:00'),
(162, 19, 'oX8KYwnjPlgsMwc04fYOnUxrlE9s', '', '', 0, 0, '', 10, 1502162897, 0, 1502163000, 1502168400, 16, '', 0, '08081280', '', '{\"situation\":{\"23\":{\"index\":23,\"key\":\"2017-08-08 11:30:00\",\"timestamp\":1502164800,\"is_use\":0,\"lable\":\"11:30-12:00\",\"checked\":1},\"24\":{\"index\":24,\"key\":\"2017-08-08 12:00:00\",\"timestamp\":1502166600,\"is_use\":0,\"lable\":\"12:00-12:30\",\"checked\":1},\"25\":{\"index\":25,\"key\":\"2017-08-08 12:30:00\",\"timestamp\":1502168400,\"is_use\":0,\"lable\":\"12:30-13:00\",\"checked\":1}}}', '80.00', '1.5', '120.00', '2017-08-08', '11:30-13:00'),
(163, 13, 'oX8KYwglvqaDSceekSdrVegvu5K8', '', '', 0, 1, '', 10, 1502178068, 1502178068, 1502204400, 1502206200, 16, '', 4, '08088220', '', '{\"situation\":{\"46\":{\"index\":46,\"key\":\"2017-08-08 23:00:00\",\"timestamp\":1502206200,\"is_use\":0,\"lable\":\"23:00-23:30\",\"checked\":1}}}', '0.00', '0.5', '0.00', '2017-08-08', '23:00-23:30'),
(164, 14, 'oX8KYwglvqaDSceekSdrVegvu5K8', '', '', 0, 1, '', 10, 1502178163, 1502178163, 1502202600, 1502204400, 16, '', 4, '08088716', '', '{\"situation\":{\"45\":{\"index\":45,\"key\":\"2017-08-08 22:30:00\",\"timestamp\":1502204400,\"is_use\":0,\"lable\":\"22:30-23:00\",\"checked\":1}}}', '0.00', '0.5', '0.00', '2017-08-08', '22:30-23:00'),
(165, 13, 'oX8KYwglvqaDSceekSdrVegvu5K8', '', '', 0, 1, '', 10, 1502181070, 1502181070, 1502182800, 1502184600, 16, '', 4, '08082282', '', '{\"situation\":{\"34\":{\"index\":34,\"key\":\"2017-08-08 17:00:00\",\"timestamp\":1502184600,\"is_use\":0,\"lable\":\"17:00-17:30\",\"checked\":1}}}', '0.00', '0.5', '0.00', '2017-08-08', '17:00-17:30'),
(166, 19, 'oX8KYwglvqaDSceekSdrVegvu5K8', '', '', 0, 0, '', 10, 1502182713, 0, 1502197200, 1502200800, 16, '', 0, '08082646', '', '{\"situation\":{\"42\":{\"index\":42,\"key\":\"2017-08-08 21:00:00\",\"timestamp\":1502199000,\"is_use\":0,\"lable\":\"21:00-21:30\",\"checked\":1},\"43\":{\"index\":43,\"key\":\"2017-08-08 21:30:00\",\"timestamp\":1502200800,\"is_use\":0,\"lable\":\"21:30-22:00\",\"checked\":1}}}', '80.00', '1.0', '80.00', '2017-08-08', '21:00-22:00'),
(167, 19, 'oX8KYwuCsosJa6XpDNHhLdIWIyyo', '', '', 0, 0, '', 10, 1502202653, 0, 1502206200, 1502121600, 16, '', 0, '08082008', '', '{\"situation\":{\"47\":{\"index\":47,\"key\":\"2017-08-08 23:30:00\",\"timestamp\":1502208000,\"is_use\":0,\"lable\":\"23:30-00:00\",\"checked\":1}}}', '80.00', '0.5', '40.00', '2017-08-08', '23:30-00:00'),
(168, 19, 'oX8KYwuCsosJa6XpDNHhLdIWIyyo', '', '', 0, 0, '', 10, 1502289371, 0, 1502292600, 1502208000, 16, '', 0, '08094460', '', '{\"situation\":{\"47\":{\"index\":47,\"key\":\"2017-08-09 23:30:00\",\"timestamp\":1502294400,\"is_use\":0,\"lable\":\"23:30-00:00\",\"checked\":1}}}', '80.00', '0.5', '40.00', '2017-08-09', '23:30-00:00'),
(169, 12, 'oX8KYwnjPlgsMwc04fYOnUxrlE9s', '', '', 0, 1, '', 10, 1502331300, 1502331300, 1502332200, 1502335800, 16, '', 4, '08100602', '', '{\"situation\":{\"21\":{\"index\":21,\"key\":\"2017-08-10 10:30:00\",\"timestamp\":1502334000,\"is_use\":0,\"lable\":\"10:30-11:00\",\"checked\":1},\"22\":{\"index\":22,\"key\":\"2017-08-10 11:00:00\",\"timestamp\":1502335800,\"is_use\":0,\"lable\":\"11:00-11:30\",\"checked\":1}}}', '0.00', '1.0', '0.00', '2017-08-10', '10:30-11:30'),
(170, 12, 'oX8KYwnjPlgsMwc04fYOnUxrlE9s', '', '', 0, 1, '', 10, 1502331360, 1502331360, 1502337600, 1502341200, 16, '', 4, '08103256', '', '{\"situation\":{\"24\":{\"index\":24,\"key\":\"2017-08-10 12:00:00\",\"timestamp\":1502339400,\"is_use\":0,\"lable\":\"12:00-12:30\",\"checked\":1},\"25\":{\"index\":25,\"key\":\"2017-08-10 12:30:00\",\"timestamp\":1502341200,\"is_use\":0,\"lable\":\"12:30-13:00\",\"checked\":1}}}', '0.00', '1.0', '0.00', '2017-08-10', '12:00-13:00'),
(171, 12, 'oX8KYwnjPlgsMwc04fYOnUxrlE9s', '', '', 0, 1, '', 10, 1502332593, 1502332593, 1502346600, 1502350200, 16, '', 4, '08104628', '', '{\"situation\":{\"29\":{\"index\":29,\"key\":\"2017-08-10 14:30:00\",\"timestamp\":1502348400,\"is_use\":0,\"lable\":\"14:30-15:00\",\"checked\":1},\"30\":{\"index\":30,\"key\":\"2017-08-10 15:00:00\",\"timestamp\":1502350200,\"is_use\":0,\"lable\":\"15:00-15:30\",\"checked\":1}}}', '0.00', '1.0', '0.00', '2017-08-10', '14:30-15:30'),
(172, 12, 'oX8KYwnjPlgsMwc04fYOnUxrlE9s', '', '', 0, 1, '', 10, 1502348420, 1502348420, 1502350200, 1502353800, 16, '', 4, '08100463', '', '{\"situation\":{\"31\":{\"index\":31,\"key\":\"2017-08-10 15:30:00\",\"timestamp\":1502352000,\"is_use\":0,\"lable\":\"15:30-16:00\",\"checked\":1},\"32\":{\"index\":32,\"key\":\"2017-08-10 16:00:00\",\"timestamp\":1502353800,\"is_use\":0,\"lable\":\"16:00-16:30\",\"checked\":1}}}', '0.00', '1.0', '0.00', '2017-08-10', '15:30-16:30'),
(173, 12, 'oX8KYwrEDx-dxPXCfprBGDdu3Ams', '', '', 0, 1, '', 10, 1502689062, 1502689062, 1502690400, 1502701200, 16, '', 4, '08144242', '', '{\"situation\":{\"28\":{\"index\":28,\"key\":\"2017-08-14 14:00:00\",\"timestamp\":1502692200,\"is_use\":0,\"lable\":\"14:00-14:30\",\"checked\":1},\"29\":{\"index\":29,\"key\":\"2017-08-14 14:30:00\",\"timestamp\":1502694000,\"is_use\":0,\"lable\":\"14:30-15:00\",\"checked\":1},\"30\":{\"index\":30,\"key\":\"2017-08-14 15:00:00\",\"timestamp\":1502695800,\"is_use\":0,\"lable\":\"15:00-15:30\",\"checked\":1},\"31\":{\"index\":31,\"key\":\"2017-08-14 15:30:00\",\"timestamp\":1502697600,\"is_use\":0,\"lable\":\"15:30-16:00\",\"checked\":1},\"32\":{\"index\":32,\"key\":\"2017-08-14 16:00:00\",\"timestamp\":1502699400,\"is_use\":0,\"lable\":\"16:00-16:30\",\"checked\":1},\"33\":{\"index\":33,\"key\":\"2017-08-14 16:30:00\",\"timestamp\":1502701200,\"is_use\":0,\"lable\":\"16:30-17:00\",\"checked\":1}}}', '0.00', '3.0', '0.00', '2017-08-14', '14:00-17:00'),
(174, 12, 'oX8KYwrEDx-dxPXCfprBGDdu3Ams', '', '', 0, 1, '', 10, 1502936180, 1502936180, 1502938800, 1502944200, 16, '', 4, '08175404', '', '{\"situation\":{\"22\":{\"index\":22,\"key\":\"2017-08-17 11:00:00\",\"timestamp\":1502940600,\"is_use\":0,\"lable\":\"11:00-11:30\",\"checked\":1},\"23\":{\"index\":23,\"key\":\"2017-08-17 11:30:00\",\"timestamp\":1502942400,\"is_use\":0,\"lable\":\"11:30-12:00\",\"checked\":1},\"24\":{\"index\":24,\"key\":\"2017-08-17 12:00:00\",\"timestamp\":1502944200,\"is_use\":0,\"lable\":\"12:00-12:30\",\"checked\":1}}}', '0.00', '1.5', '0.00', '2017-08-17', '11:00-12:30'),
(175, 12, 'oX8KYwrEDx-dxPXCfprBGDdu3Ams', '', '', 0, 1, '', 10, 1502961425, 1502961425, 1502962200, 1502965800, 16, '', 4, '08174884', '', '{\"situation\":{\"35\":{\"index\":35,\"key\":\"2017-08-17 17:30:00\",\"timestamp\":1502964000,\"is_use\":0,\"lable\":\"17:30-18:00\",\"checked\":1},\"36\":{\"index\":36,\"key\":\"2017-08-17 18:00:00\",\"timestamp\":1502965800,\"is_use\":0,\"lable\":\"18:00-18:30\",\"checked\":1}}}', '0.00', '1.0', '0.00', '2017-08-17', '17:30-18:30'),
(176, 12, 'oX8KYwrEDx-dxPXCfprBGDdu3Ams', '', '', 0, 1, '', 10, 1503032344, 1503032344, 1503032400, 1503041400, 16, '', 4, '08186140', '', '{\"situation\":{\"26\":{\"index\":26,\"key\":\"2017-08-18 13:00:00\",\"timestamp\":1503034200,\"is_use\":0,\"lable\":\"13:00-13:30\",\"checked\":1},\"27\":{\"index\":27,\"key\":\"2017-08-18 13:30:00\",\"timestamp\":1503036000,\"is_use\":0,\"lable\":\"13:30-14:00\",\"checked\":1},\"28\":{\"index\":28,\"key\":\"2017-08-18 14:00:00\",\"timestamp\":1503037800,\"is_use\":0,\"lable\":\"14:00-14:30\",\"checked\":1},\"29\":{\"index\":29,\"key\":\"2017-08-18 14:30:00\",\"timestamp\":1503039600,\"is_use\":0,\"lable\":\"14:30-15:00\",\"checked\":1},\"30\":{\"index\":30,\"key\":\"2017-08-18 15:00:00\",\"timestamp\":1503041400,\"is_use\":0,\"lable\":\"15:00-15:30\",\"checked\":1}}}', '0.00', '2.5', '0.00', '2017-08-18', '13:00-15:30'),
(177, 12, 'oX8KYwook-esQarAtf-Jr6oEYRU8', '', '', 0, 1, '', 10, 1503306713, 1503306713, 1503309600, 1503315000, 16, '', 4, '08214156', '', '{\"situation\":{\"36\":{\"index\":36,\"key\":\"2017-08-21 18:00:00\",\"timestamp\":1503311400,\"is_use\":0,\"lable\":\"18:00-18:30\",\"checked\":1},\"37\":{\"index\":37,\"key\":\"2017-08-21 18:30:00\",\"timestamp\":1503313200,\"is_use\":0,\"lable\":\"18:30-19:00\",\"checked\":1},\"38\":{\"index\":38,\"key\":\"2017-08-21 19:00:00\",\"timestamp\":1503315000,\"is_use\":0,\"lable\":\"19:00-19:30\",\"checked\":1}}}', '0.00', '1.5', '0.00', '2017-08-21', '18:00-19:30'),
(178, 12, 'oX8KYwuFkpUn0-p91w9p4jNMxeuM', '', '', 0, 1, '', 10, 1504774901, 1504774901, 1504776600, 1504785600, 16, '', 4, '09078185', '', '{\"situation\":{\"35\":{\"index\":35,\"key\":\"2017-09-07 17:30:00\",\"timestamp\":1504778400,\"is_use\":0,\"lable\":\"17:30-18:00\",\"checked\":1},\"36\":{\"index\":36,\"key\":\"2017-09-07 18:00:00\",\"timestamp\":1504780200,\"is_use\":0,\"lable\":\"18:00-18:30\",\"checked\":1},\"37\":{\"index\":37,\"key\":\"2017-09-07 18:30:00\",\"timestamp\":1504782000,\"is_use\":0,\"lable\":\"18:30-19:00\",\"checked\":1},\"38\":{\"index\":38,\"key\":\"2017-09-07 19:00:00\",\"timestamp\":1504783800,\"is_use\":0,\"lable\":\"19:00-19:30\",\"checked\":1},\"39\":{\"index\":39,\"key\":\"2017-09-07 19:30:00\",\"timestamp\":1504785600,\"is_use\":0,\"lable\":\"19:30-20:00\",\"checked\":1}}}', '0.00', '2.5', '0.00', '2017-09-07', '17:30-20:00'),
(179, 13, 'oX8KYwjVic3km-qssD9_qDOaCiFU', '', '', 0, 1, '', 10, 1506070007, 1506070007, 1506018600, 1506024000, 16, '', 4, '09224446', '', '{\"situation\":{\"5\":{\"index\":5,\"key\":\"2017-09-23 02:30:00\",\"timestamp\":1506106800,\"is_use\":0,\"lable\":\"02:30-03:00\",\"checked\":1},\"6\":{\"index\":6,\"key\":\"2017-09-23 03:00:00\",\"timestamp\":1506108600,\"is_use\":0,\"lable\":\"03:00-03:30\",\"checked\":1},\"7\":{\"index\":7,\"key\":\"2017-09-23 03:30:00\",\"timestamp\":1506110400,\"is_use\":0,\"lable\":\"03:30-04:00\",\"checked\":1}}}', '0.00', '1.5', '0.00', '2017-09-22', '02:30-04:00'),
(180, 14, 'oX8KYwjVic3km-qssD9_qDOaCiFU', '', '', 0, 1, '', 10, 1506164941, 1506164941, 1506171600, 1506173400, 16, '', 4, '09237266', '', '{\"situation\":{\"42\":{\"index\":42,\"key\":\"2017-09-23 21:00:00\",\"timestamp\":1506173400,\"is_use\":0,\"lable\":\"21:00-21:30\",\"checked\":1}}}', '0.00', '0.5', '0.00', '2017-09-23', '21:00-21:30'),
(181, 12, 'oX8KYwrEDx-dxPXCfprBGDdu3Ams', '', '', 0, 1, '', 10, 1509006200, 1509006200, 1509008400, 1509012000, 16, '', 4, '10264593', '', '{\"situation\":{\"34\":{\"index\":34,\"key\":\"2017-10-26 17:00:00\",\"timestamp\":1509010200,\"is_use\":0,\"lable\":\"17:00-17:30\",\"checked\":1},\"35\":{\"index\":35,\"key\":\"2017-10-26 17:30:00\",\"timestamp\":1509012000,\"is_use\":0,\"lable\":\"17:30-18:00\",\"checked\":1}}}', '0.00', '1.0', '0.00', '2017-10-26', '17:00-18:00'),
(182, 14, 'oX8KYwpfQjhExt5IOmIwxU6POcVs', '', '', 0, 1, '', 10, 1510024589, 1510024590, 1510030800, 1510032600, 16, '', 4, '11072758', '', '{\"situation\":{\"26\":{\"index\":26,\"key\":\"2017-11-07 13:00:00\",\"timestamp\":1510032600,\"is_use\":0,\"lable\":\"13:00-13:30\",\"checked\":1}}}', '0.00', '0.5', '0.00', '2017-11-07', '13:00-13:30'),
(183, 12, 'oX8KYwpfQjhExt5IOmIwxU6POcVs', '', '', 0, 1, '', 10, 1511762532, 1511762532, 1511782200, 1511784000, 16, '', 4, '11274228', '', '{\"situation\":{\"39\":{\"index\":39,\"key\":\"2017-11-27 19:30:00\",\"timestamp\":1511784000,\"is_use\":0,\"lable\":\"19:30-20:00\",\"checked\":1}}}', '0.00', '0.5', '0.00', '2017-11-27', '19:30-20:00'),
(184, 12, 'oX8KYwutluzuhcJhorvPV6WPcV00', '', '', 0, 1, '', 10, 1513854685, 1513854685, 1513859400, 1513863000, 16, '', 4, '12210082', '', '{\"situation\":{\"41\":{\"index\":41,\"key\":\"2017-12-21 20:30:00\",\"timestamp\":1513861200,\"is_use\":0,\"lable\":\"20:30-21:00\",\"checked\":1},\"42\":{\"index\":42,\"key\":\"2017-12-21 21:00:00\",\"timestamp\":1513863000,\"is_use\":0,\"lable\":\"21:00-21:30\",\"checked\":1}}}', '0.00', '1.0', '0.00', '2017-12-21', '20:30-21:30'),
(185, 12, 'oX8KYwrEDx-dxPXCfprBGDdu3Ams', '', '', 0, 1, '', 10, 1513920678, 1513920678, 1513926000, 1513931400, 16, '', 4, '12226569', '', '{\"situation\":{\"30\":{\"index\":30,\"key\":\"2017-12-22 15:00:00\",\"timestamp\":1513927800,\"is_use\":0,\"lable\":\"15:00-15:30\",\"checked\":1},\"31\":{\"index\":31,\"key\":\"2017-12-22 15:30:00\",\"timestamp\":1513929600,\"is_use\":0,\"lable\":\"15:30-16:00\",\"checked\":1},\"32\":{\"index\":32,\"key\":\"2017-12-22 16:00:00\",\"timestamp\":1513931400,\"is_use\":0,\"lable\":\"16:00-16:30\",\"checked\":1}}}', '0.00', '1.5', '0.00', '2017-12-22', '15:00-16:30'),
(186, 13, 'oX8KYwjfJQp73nJb50rJ_wh0zbZ0', '', '', 0, 1, '', 10, 1516008415, 1516008415, 1515979800, 1515985200, 16, '', 4, '01153168', '', '{\"situation\":{\"19\":{\"index\":19,\"key\":\"2018-01-16 09:30:00\",\"timestamp\":1516068000,\"is_use\":0,\"lable\":\"09:30-10:00\",\"checked\":1},\"20\":{\"index\":20,\"key\":\"2018-01-16 10:00:00\",\"timestamp\":1516069800,\"is_use\":0,\"lable\":\"10:00-10:30\",\"checked\":1},\"21\":{\"index\":21,\"key\":\"2018-01-16 10:30:00\",\"timestamp\":1516071600,\"is_use\":0,\"lable\":\"10:30-11:00\",\"checked\":1}}}', '0.00', '1.5', '0.00', '2018-01-15', '09:30-11:00'),
(187, 12, 'oX8KYwg3JXbthNYQ0sI5mfE2fi_s', '', '', 0, 1, '', 10, 1516864780, 1516864780, 1516885200, 1516887000, 16, '', 4, '01250318', '', '{\"situation\":{\"42\":{\"index\":42,\"key\":\"2018-01-30 21:00:00\",\"timestamp\":1517319000,\"is_use\":0,\"lable\":\"21:00-21:30\",\"checked\":1}}}', '0.00', '0.5', '0.00', '2018-01-25', '21:00-21:30'),
(188, 12, 'oX8KYwiXdrpB9QlEVbxmZmJPQzWE', '', '', 0, 1, '', 10, 1516864955, 1516864956, 1516883400, 1516885200, 16, '', 4, '01251786', '', '{\"situation\":{\"41\":{\"index\":41,\"key\":\"2018-01-25 20:30:00\",\"timestamp\":1516885200,\"is_use\":0,\"lable\":\"20:30-21:00\",\"checked\":1}}}', '0.00', '0.5', '0.00', '2018-01-25', '20:30-21:00'),
(189, 0, 'oX8KYwiXdrpB9QlEVbxmZmJPQzWE', '', '', 0, 1, '', 10, 1516864967, 1516864967, 1516809600, 1516809600, 16, '', 4, '01256858', '', '{\"situation\":null}', '0.00', '0.0', '0.00', '2018-01-25', '-'),
(190, 12, 'oX8KYwiXdrpB9QlEVbxmZmJPQzWE', '', '', 0, 1, '', 10, 1516864977, 1516864977, 1516881600, 1516883400, 16, '', 4, '01252289', '', '{\"situation\":{\"40\":{\"index\":40,\"key\":\"2018-01-25 20:00:00\",\"timestamp\":1516883400,\"is_use\":0,\"lable\":\"20:00-20:30\",\"checked\":1}}}', '0.00', '0.5', '0.00', '2018-01-25', '20:00-20:30'),
(191, 0, 'oX8KYwiXdrpB9QlEVbxmZmJPQzWE', '', '', 0, 1, '', 10, 1516864980, 1516864981, 1516809600, 1516809600, 16, '', 4, '01252296', '', '{\"situation\":null}', '0.00', '0.0', '0.00', '2018-01-25', '-'),
(192, 12, 'oX8KYwg3JXbthNYQ0sI5mfE2fi_s', '', '', 0, 1, '', 10, 1516933677, 1516933677, 1516933800, 1516935600, 16, '', 4, '01268317', '', '{\"situation\":{\"21\":{\"index\":21,\"key\":\"2018-01-26 10:30:00\",\"timestamp\":1516935600,\"is_use\":0,\"lable\":\"10:30-11:00\",\"checked\":1}}}', '0.00', '0.5', '0.00', '2018-01-26', '10:30-11:00'),
(193, 0, 'oX8KYwg3JXbthNYQ0sI5mfE2fi_s', '', '', 0, 1, '', 10, 1516933685, 1516933685, 1516896000, 1516896000, 16, '', 4, '01268427', '', '{\"situation\":null}', '0.00', '0.0', '0.00', '2018-01-26', '-'),
(194, 12, 'oX8KYwg3JXbthNYQ0sI5mfE2fi_s', '', '', 0, 1, '', 10, 1516947695, 1516947695, 1516971600, 1516973400, 16, '', 4, '01264468', '', '{\"situation\":{\"42\":{\"index\":42,\"key\":\"2018-01-26 21:00:00\",\"timestamp\":1516973400,\"is_use\":0,\"lable\":\"21:00-21:30\",\"checked\":1}}}', '0.00', '0.5', '0.00', '2018-01-26', '21:00-21:30'),
(195, 0, 'oX8KYwg3JXbthNYQ0sI5mfE2fi_s', '', '', 0, 1, '', 10, 1516947701, 1516947701, 1516896000, 1516896000, 16, '', 4, '01269185', '', '{\"situation\":null}', '0.00', '0.0', '0.00', '2018-01-26', '-'),
(196, 12, 'oX8KYwg3JXbthNYQ0sI5mfE2fi_s', '', '', 0, 1, '', 10, 1516950578, 1516950578, 1516966200, 1516971600, 16, '', 4, '01262104', '', '{\"situation\":{\"39\":{\"index\":39,\"key\":\"2018-01-26 19:30:00\",\"timestamp\":1516968000,\"is_use\":0,\"lable\":\"19:30-20:00\",\"checked\":1},\"40\":{\"index\":40,\"key\":\"2018-01-26 20:00:00\",\"timestamp\":1516969800,\"is_use\":0,\"lable\":\"20:00-20:30\",\"checked\":1},\"41\":{\"index\":41,\"key\":\"2018-01-26 20:30:00\",\"timestamp\":1516971600,\"is_use\":0,\"lable\":\"20:30-21:00\",\"checked\":1}}}', '0.00', '1.5', '0.00', '2018-01-26', '19:30-21:00'),
(197, 12, 'oX8KYwg3JXbthNYQ0sI5mfE2fi_s', '', '', 0, 1, '', 10, 1519629424, 1519629424, 1519642800, 1519644600, 16, '', 4, '02269689', '', '{\"situation\":{\"38\":{\"index\":38,\"key\":\"2018-02-26 19:00:00\",\"timestamp\":1519644600,\"is_use\":0,\"lable\":\"19:00-19:30\",\"checked\":1}}}', '0.00', '0.5', '0.00', '2018-02-26', '19:00-19:30'),
(198, 13, 'oX8KYwglvqaDSceekSdrVegvu5K8', '', '', 0, 1, '', 10, 1521024901, 1521024901, 1521032400, 1521039600, 16, '', 4, '03140222', '', '{\"situation\":{\"42\":{\"index\":42,\"key\":\"2018-03-14 21:00:00\",\"timestamp\":1521034200,\"is_use\":0,\"lable\":\"21:00-21:30\",\"checked\":1},\"43\":{\"index\":43,\"key\":\"2018-03-14 21:30:00\",\"timestamp\":1521036000,\"is_use\":0,\"lable\":\"21:30-22:00\",\"checked\":1},\"44\":{\"index\":44,\"key\":\"2018-03-14 22:00:00\",\"timestamp\":1521037800,\"is_use\":0,\"lable\":\"22:00-22:30\",\"checked\":1},\"45\":{\"index\":45,\"key\":\"2018-03-14 22:30:00\",\"timestamp\":1521039600,\"is_use\":0,\"lable\":\"22:30-23:00\",\"checked\":1}}}', '0.00', '2.0', '0.00', '2018-03-14', '21:00-23:00'),
(199, 12, 'oX8KYwg3JXbthNYQ0sI5mfE2fi_s', '', '', 0, 1, '', 10, 1521453629, 1521453629, 1521455400, 1521457200, 16, '', 4, '03196585', '', '{\"situation\":{\"37\":{\"index\":37,\"key\":\"2018-03-19 18:30:00\",\"timestamp\":1521457200,\"is_use\":0,\"lable\":\"18:30-19:00\",\"checked\":1}}}', '0.00', '0.5', '0.00', '2018-03-19', '18:30-19:00'),
(200, 12, 'oX8KYwtwXSLaKzqtsbKLH30_rVkU', '', '', 0, 1, '', 10, 1522478272, 1522478272, 1522497600, 1522499400, 16, '', 4, '03319464', '', '{\"situation\":{\"40\":{\"index\":40,\"key\":\"2018-03-31 20:00:00\",\"timestamp\":1522499400,\"is_use\":0,\"lable\":\"20:00-20:30\",\"checked\":1}}}', '0.00', '0.5', '0.00', '2018-03-31', '20:00-20:30'),
(201, 12, 'oX8KYwtwXSLaKzqtsbKLH30_rVkU', '', '', 0, 1, '', 10, 1522692920, 1522692920, 1522697400, 1522699200, 16, '', 4, '04034009', '', '{\"situation\":{\"7\":{\"index\":7,\"key\":\"2018-04-03 03:30:00\",\"timestamp\":1522699200,\"is_use\":0,\"lable\":\"03:30-04:00\",\"checked\":1}}}', '0.00', '0.5', '0.00', '2018-04-03', '03:30-04:00'),
(202, 13, 'oX8KYwtwXSLaKzqtsbKLH30_rVkU', '', '', 0, 1, '', 10, 1522693046, 1522693046, 1522701000, 1522704600, 16, '', 4, '04036125', '', '{\"situation\":{\"9\":{\"index\":9,\"key\":\"2018-04-03 04:30:00\",\"timestamp\":1522702800,\"is_use\":0,\"lable\":\"04:30-05:00\",\"checked\":1},\"10\":{\"index\":10,\"key\":\"2018-04-03 05:00:00\",\"timestamp\":1522704600,\"is_use\":0,\"lable\":\"05:00-05:30\",\"checked\":1}}}', '0.00', '1.0', '0.00', '2018-04-03', '04:30-05:30'),
(203, 13, 'oX8KYwtwXSLaKzqtsbKLH30_rVkU', '', '', 0, 1, '', 10, 1522693054, 1522693054, 1522729800, 1522731600, 16, '', 4, '04039688', '', '{\"situation\":{\"25\":{\"index\":25,\"key\":\"2018-04-03 12:30:00\",\"timestamp\":1522731600,\"is_use\":0,\"lable\":\"12:30-13:00\",\"checked\":1}}}', '0.00', '0.5', '0.00', '2018-04-03', '12:30-13:00'),
(204, 0, 'oX8KYwtwXSLaKzqtsbKLH30_rVkU', '', '', 0, 1, '', 10, 1522693059, 1522693059, 1522684800, 1522684800, 16, '', 4, '04038444', '', '{\"situation\":null}', '0.00', '0.0', '0.00', '2018-04-03', '-'),
(205, 12, 'oX8KYwjfJQp73nJb50rJ_wh0zbZ0', '', '', 0, 1, '', 10, 1524706956, 1524706956, 1524709800, 1524715200, 16, '', 4, '04260624', '', '{\"situation\":{\"21\":{\"index\":21,\"key\":\"2018-04-26 10:30:00\",\"timestamp\":1524711600,\"is_use\":0,\"lable\":\"10:30-11:00\",\"checked\":1},\"22\":{\"index\":22,\"key\":\"2018-04-26 11:00:00\",\"timestamp\":1524713400,\"is_use\":0,\"lable\":\"11:00-11:30\",\"checked\":1},\"23\":{\"index\":23,\"key\":\"2018-04-26 11:30:00\",\"timestamp\":1524715200,\"is_use\":0,\"lable\":\"11:30-12:00\",\"checked\":1}}}', '0.00', '1.5', '0.00', '2018-04-26', '10:30-12:00'),
(206, 12, 'oX8KYwjfJQp73nJb50rJ_wh0zbZ0', '', '', 0, 1, '', 10, 1524706979, 1524706979, 1524726000, 1524731400, 16, '', 4, '04264805', '', '{\"situation\":{\"30\":{\"index\":30,\"key\":\"2018-04-26 15:00:00\",\"timestamp\":1524727800,\"is_use\":0,\"lable\":\"15:00-15:30\",\"checked\":1},\"31\":{\"index\":31,\"key\":\"2018-04-26 15:30:00\",\"timestamp\":1524729600,\"is_use\":0,\"lable\":\"15:30-16:00\",\"checked\":1},\"32\":{\"index\":32,\"key\":\"2018-04-26 16:00:00\",\"timestamp\":1524731400,\"is_use\":0,\"lable\":\"16:00-16:30\",\"checked\":1}}}', '0.00', '1.5', '0.00', '2018-04-26', '15:00-16:30'),
(207, 12, 'oX8KYwjfJQp73nJb50rJ_wh0zbZ0', '', '', 0, 1, '', 10, 1525333677, 1525333677, 1525311000, 1525318200, 16, '', 4, '05032213', '', '{\"situation\":{\"19\":{\"index\":19,\"key\":\"2018-05-05 09:30:00\",\"timestamp\":1525485600,\"is_use\":0,\"lable\":\"09:30-10:00\",\"checked\":1},\"20\":{\"index\":20,\"key\":\"2018-05-05 10:00:00\",\"timestamp\":1525487400,\"is_use\":0,\"lable\":\"10:00-10:30\",\"checked\":1},\"21\":{\"index\":21,\"key\":\"2018-05-05 10:30:00\",\"timestamp\":1525489200,\"is_use\":0,\"lable\":\"10:30-11:00\",\"checked\":1},\"22\":{\"index\":22,\"key\":\"2018-05-05 11:00:00\",\"timestamp\":1525491000,\"is_use\":0,\"lable\":\"11:00-11:30\",\"checked\":1}}}', '0.00', '2.0', '0.00', '2018-05-03', '09:30-11:30'),
(208, 14, 'oX8KYwiFUXk-3LUGD2g-5uDedA9o', '', '', 0, 1, '', 10, 1525770963, 1525770963, 1525788000, 1525789800, 16, '', 4, '05086648', '', '{\"situation\":{\"44\":{\"index\":44,\"key\":\"2018-05-08 22:00:00\",\"timestamp\":1525789800,\"is_use\":0,\"lable\":\"22:00-22:30\",\"checked\":1}}}', '0.00', '0.5', '0.00', '2018-05-08', '22:00-22:30');

-- --------------------------------------------------------

--
-- 表的结构 `ims_superdesk_boardroom_equipment`
--

CREATE TABLE `ims_superdesk_boardroom_equipment` (
  `id` int(11) NOT NULL,
  `name` varchar(10) NOT NULL COMMENT '设备名字',
  `images` varchar(255) NOT NULL COMMENT '设备图片',
  `updatetime` int(10) NOT NULL DEFAULT '0' COMMENT '修改时间',
  `createtime` int(10) NOT NULL DEFAULT '0' COMMENT '创建时间',
  `enabled` tinyint(4) NOT NULL DEFAULT '1' COMMENT 'Enabled',
  `uniacid` int(10) NOT NULL COMMENT 'uniacid'
) ENGINE=InnoDB DEFAULT CHARSET=utf8;

--
-- 转存表中的数据 `ims_superdesk_boardroom_equipment`
--

INSERT INTO `ims_superdesk_boardroom_equipment` (`id`, `name`, `images`, `updatetime`, `createtime`, `enabled`, `uniacid`) VALUES
(5, '电脑', '', 1501644249, 1501582012, 1, 16),
(6, '黑板擦', '', 0, 1501582019, 1, 16),
(7, '记号笔', '', 0, 1501582025, 1, 16),
(8, '投影仪', '', 0, 1501582034, 1, 16),
(9, '远程视频会议', '', 1501728942, 1501641607, 1, 16),
(11, '桌子', '', 0, 1502352079, 1, 16),
(12, '激光笔', '', 0, 1503039234, 1, 16);

-- --------------------------------------------------------

--
-- 表的结构 `ims_superdesk_boardroom_s_adv`
--

CREATE TABLE `ims_superdesk_boardroom_s_adv` (
  `id` int(11) NOT NULL,
  `uniacid` int(11) DEFAULT '0',
  `advname` varchar(50) DEFAULT '',
  `link` varchar(255) NOT NULL DEFAULT '',
  `thumb` varchar(255) DEFAULT '',
  `displayorder` int(11) DEFAULT '0',
  `enabled` int(11) DEFAULT '0'
) ENGINE=MyISAM DEFAULT CHARSET=utf8;

-- --------------------------------------------------------

--
-- 表的结构 `ims_superdesk_boardroom_s_cart`
--

CREATE TABLE `ims_superdesk_boardroom_s_cart` (
  `id` int(10) UNSIGNED NOT NULL,
  `uniacid` int(10) UNSIGNED NOT NULL,
  `goodsid` int(11) NOT NULL,
  `goodstype` tinyint(1) NOT NULL DEFAULT '1',
  `from_user` varchar(50) NOT NULL,
  `total` int(10) UNSIGNED NOT NULL,
  `optionid` int(10) DEFAULT '0',
  `marketprice` decimal(10,2) DEFAULT '0.00'
) ENGINE=MyISAM DEFAULT CHARSET=utf8;

--
-- 转存表中的数据 `ims_superdesk_boardroom_s_cart`
--

INSERT INTO `ims_superdesk_boardroom_s_cart` (`id`, `uniacid`, `goodsid`, `goodstype`, `from_user`, `total`, `optionid`, `marketprice`) VALUES
(165, 16, 8, 1, 'oX8KYwvbdoY-Ngq-nMqYBV1gODws', 1, 0, '0.01'),
(317, 16, 7, 1, 'oX8KYwg3JXbthNYQ0sI5mfE2fi_s', 0, 0, '0.00'),
(316, 16, 8, 1, 'oX8KYwg3JXbthNYQ0sI5mfE2fi_s', 0, 0, '0.00'),
(164, 16, 9, 1, 'oX8KYwvbdoY-Ngq-nMqYBV1gODws', 1, 0, '0.01'),
(166, 16, 7, 1, 'oX8KYwvbdoY-Ngq-nMqYBV1gODws', 1, 0, '0.01'),
(167, 16, 9, 1, '', 1, 0, '0.01'),
(168, 16, 8, 1, '', 1, 0, '0.01'),
(169, 16, 7, 1, '', 1, 0, '0.01'),
(170, 16, 9, 1, '', 1, 0, '0.01'),
(171, 16, 8, 1, '', 1, 0, '0.01'),
(172, 16, 7, 1, '', 1, 0, '0.01'),
(184, 16, 7, 1, 'oX8KYwuCsosJa6XpDNHhLdIWIyyo', 4, 0, '0.01'),
(183, 16, 8, 1, 'oX8KYwuCsosJa6XpDNHhLdIWIyyo', 1, 0, '0.01'),
(182, 16, 9, 1, 'oX8KYwuCsosJa6XpDNHhLdIWIyyo', 1, 0, '0.01'),
(236, 16, 7, 1, 'oX8KYwv5eWDlmPDd8AFNqwbttOf8', 1, 0, '0.00'),
(235, 16, 8, 1, 'oX8KYwv5eWDlmPDd8AFNqwbttOf8', 1, 0, '0.00'),
(234, 16, 9, 1, 'oX8KYwv5eWDlmPDd8AFNqwbttOf8', 1, 0, '0.00'),
(188, 16, 9, 1, 'oX8KYwrEDx-dxPXCfprBGDdu3Ams', 1, 0, '0.00'),
(189, 16, 8, 1, 'oX8KYwrEDx-dxPXCfprBGDdu3Ams', 1, 0, '0.00'),
(190, 16, 7, 1, 'oX8KYwrEDx-dxPXCfprBGDdu3Ams', 1, 0, '0.00'),
(315, 16, 9, 1, 'oX8KYwg3JXbthNYQ0sI5mfE2fi_s', 0, 0, '0.00'),
(212, 16, 7, 1, 'oX8KYwkmB-AJXDov43v3w70jfQMM', 1, 0, '0.01'),
(211, 16, 8, 1, 'oX8KYwkmB-AJXDov43v3w70jfQMM', 1, 0, '0.01'),
(210, 16, 9, 1, 'oX8KYwkmB-AJXDov43v3w70jfQMM', 1, 0, '0.01'),
(204, 16, 9, 1, 'oX8KYwook-esQarAtf-Jr6oEYRU8', 1, 0, '0.00'),
(205, 16, 8, 1, 'oX8KYwook-esQarAtf-Jr6oEYRU8', 1, 0, '0.00'),
(206, 16, 7, 1, 'oX8KYwook-esQarAtf-Jr6oEYRU8', 1, 0, '0.00'),
(231, 16, 9, 1, 'oX8KYwvSy722YROfeotESy6FZaho', 1, 0, '0.00'),
(232, 16, 8, 1, 'oX8KYwvSy722YROfeotESy6FZaho', 1, 0, '0.00'),
(233, 16, 7, 1, 'oX8KYwvSy722YROfeotESy6FZaho', 1, 0, '0.01'),
(251, 16, 7, 1, 'oX8KYwnly4UHbqCxSuGW8iRGr7Cs', 0, 0, '0.00'),
(250, 16, 8, 1, 'oX8KYwnly4UHbqCxSuGW8iRGr7Cs', 1, 0, '0.00'),
(249, 16, 9, 1, 'oX8KYwnly4UHbqCxSuGW8iRGr7Cs', 0, 0, '0.00'),
(260, 16, 7, 1, 'oX8KYwjwpJVqFCoyBk8DpUAabh8g', 0, 0, '0.00'),
(259, 16, 8, 1, 'oX8KYwjwpJVqFCoyBk8DpUAabh8g', 0, 0, '0.00'),
(258, 16, 9, 1, 'oX8KYwjwpJVqFCoyBk8DpUAabh8g', 0, 0, '0.00'),
(266, 16, 7, 1, 'oX8KYwglvqaDSceekSdrVegvu5K8', 1, 0, '0.00'),
(265, 16, 8, 1, 'oX8KYwglvqaDSceekSdrVegvu5K8', 1, 0, '0.00'),
(264, 16, 9, 1, 'oX8KYwglvqaDSceekSdrVegvu5K8', 0, 0, '0.00'),
(272, 16, 7, 1, 'oX8KYwkxwNW6qzHF4cF-tGxYTcPg', 0, 0, '0.00'),
(271, 16, 8, 1, 'oX8KYwkxwNW6qzHF4cF-tGxYTcPg', 0, 0, '0.00'),
(270, 16, 9, 1, 'oX8KYwkxwNW6qzHF4cF-tGxYTcPg', 0, 0, '0.00'),
(273, 16, 9, 1, 'oX8KYwmLgfkTgTOZMDr-V4LFPHqo', 0, 0, '0.00'),
(274, 16, 8, 1, 'oX8KYwmLgfkTgTOZMDr-V4LFPHqo', 0, 0, '0.00'),
(275, 16, 7, 1, 'oX8KYwmLgfkTgTOZMDr-V4LFPHqo', 0, 0, '0.00'),
(276, 16, 9, 1, '', 0, 0, '0.00'),
(277, 16, 8, 1, '', 0, 0, '0.00'),
(278, 16, 7, 1, '', 0, 0, '0.00'),
(279, 16, 15, 1, 'oX8KYwrEDx-dxPXCfprBGDdu3Ams', 0, 0, '0.00'),
(280, 16, 14, 1, 'oX8KYwrEDx-dxPXCfprBGDdu3Ams', 0, 0, '0.00'),
(281, 16, 13, 1, 'oX8KYwrEDx-dxPXCfprBGDdu3Ams', 0, 0, '0.00'),
(282, 16, 12, 1, 'oX8KYwrEDx-dxPXCfprBGDdu3Ams', 0, 0, '0.00'),
(283, 16, 11, 1, 'oX8KYwrEDx-dxPXCfprBGDdu3Ams', 0, 0, '0.00'),
(284, 16, 10, 1, 'oX8KYwrEDx-dxPXCfprBGDdu3Ams', 0, 0, '0.00'),
(314, 16, 10, 1, 'oX8KYwg3JXbthNYQ0sI5mfE2fi_s', 10, 0, '0.00'),
(313, 16, 11, 1, 'oX8KYwg3JXbthNYQ0sI5mfE2fi_s', 0, 0, '0.00'),
(312, 16, 12, 1, 'oX8KYwg3JXbthNYQ0sI5mfE2fi_s', 1, 0, '0.00'),
(311, 16, 13, 1, 'oX8KYwg3JXbthNYQ0sI5mfE2fi_s', 0, 0, '0.00'),
(310, 16, 14, 1, 'oX8KYwg3JXbthNYQ0sI5mfE2fi_s', 0, 0, '0.00'),
(309, 16, 15, 1, 'oX8KYwg3JXbthNYQ0sI5mfE2fi_s', 0, 0, '0.00'),
(318, 16, 15, 1, 'oX8KYwglvqaDSceekSdrVegvu5K8', 0, 0, '0.00'),
(319, 16, 14, 1, 'oX8KYwglvqaDSceekSdrVegvu5K8', 0, 0, '0.00'),
(320, 16, 13, 1, 'oX8KYwglvqaDSceekSdrVegvu5K8', 0, 0, '0.00'),
(321, 16, 12, 1, 'oX8KYwglvqaDSceekSdrVegvu5K8', 0, 0, '0.00'),
(322, 16, 11, 1, 'oX8KYwglvqaDSceekSdrVegvu5K8', 0, 0, '0.00'),
(323, 16, 10, 1, 'oX8KYwglvqaDSceekSdrVegvu5K8', 0, 0, '0.00'),
(324, 16, 15, 1, 'oX8KYwtwXSLaKzqtsbKLH30_rVkU', 0, 0, '0.00'),
(325, 16, 14, 1, 'oX8KYwtwXSLaKzqtsbKLH30_rVkU', 0, 0, '0.00'),
(326, 16, 13, 1, 'oX8KYwtwXSLaKzqtsbKLH30_rVkU', 0, 0, '0.00'),
(327, 16, 12, 1, 'oX8KYwtwXSLaKzqtsbKLH30_rVkU', 0, 0, '0.00'),
(328, 16, 11, 1, 'oX8KYwtwXSLaKzqtsbKLH30_rVkU', 0, 0, '0.00'),
(329, 16, 10, 1, 'oX8KYwtwXSLaKzqtsbKLH30_rVkU', 0, 0, '0.00'),
(330, 16, 9, 1, 'oX8KYwtwXSLaKzqtsbKLH30_rVkU', 0, 0, '0.00'),
(331, 16, 8, 1, 'oX8KYwtwXSLaKzqtsbKLH30_rVkU', 0, 0, '0.00'),
(332, 16, 7, 1, 'oX8KYwtwXSLaKzqtsbKLH30_rVkU', 0, 0, '0.00'),
(333, 16, 15, 1, 'oX8KYwiMYenC0pvR3TUBgYWaO1fE', 0, 0, '0.00'),
(334, 16, 14, 1, 'oX8KYwiMYenC0pvR3TUBgYWaO1fE', 0, 0, '0.00'),
(335, 16, 13, 1, 'oX8KYwiMYenC0pvR3TUBgYWaO1fE', 0, 0, '0.00'),
(336, 16, 12, 1, 'oX8KYwiMYenC0pvR3TUBgYWaO1fE', 0, 0, '0.00'),
(337, 16, 11, 1, 'oX8KYwiMYenC0pvR3TUBgYWaO1fE', 0, 0, '0.00'),
(338, 16, 10, 1, 'oX8KYwiMYenC0pvR3TUBgYWaO1fE', 0, 0, '0.00'),
(339, 16, 9, 1, 'oX8KYwiMYenC0pvR3TUBgYWaO1fE', 0, 0, '0.00'),
(340, 16, 8, 1, 'oX8KYwiMYenC0pvR3TUBgYWaO1fE', 0, 0, '0.00'),
(341, 16, 7, 1, 'oX8KYwiMYenC0pvR3TUBgYWaO1fE', 0, 0, '0.00'),
(342, 16, 15, 1, 'oX8KYwjfJQp73nJb50rJ_wh0zbZ0', 0, 0, '0.00'),
(343, 16, 14, 1, 'oX8KYwjfJQp73nJb50rJ_wh0zbZ0', 0, 0, '0.00'),
(344, 16, 13, 1, 'oX8KYwjfJQp73nJb50rJ_wh0zbZ0', 0, 0, '0.00'),
(345, 16, 12, 1, 'oX8KYwjfJQp73nJb50rJ_wh0zbZ0', 0, 0, '0.00'),
(346, 16, 11, 1, 'oX8KYwjfJQp73nJb50rJ_wh0zbZ0', 0, 0, '0.00'),
(347, 16, 10, 1, 'oX8KYwjfJQp73nJb50rJ_wh0zbZ0', 0, 0, '0.00'),
(348, 16, 9, 1, 'oX8KYwjfJQp73nJb50rJ_wh0zbZ0', 0, 0, '0.00'),
(349, 16, 8, 1, 'oX8KYwjfJQp73nJb50rJ_wh0zbZ0', 0, 0, '0.00'),
(350, 16, 7, 1, 'oX8KYwjfJQp73nJb50rJ_wh0zbZ0', 0, 0, '0.00');

-- --------------------------------------------------------

--
-- 表的结构 `ims_superdesk_boardroom_s_category`
--

CREATE TABLE `ims_superdesk_boardroom_s_category` (
  `id` int(10) UNSIGNED NOT NULL,
  `uniacid` int(10) UNSIGNED NOT NULL DEFAULT '0' COMMENT '所属帐号',
  `name` varchar(50) NOT NULL COMMENT '分类名称',
  `thumb` varchar(255) NOT NULL COMMENT '分类图片',
  `parentid` int(10) UNSIGNED NOT NULL DEFAULT '0' COMMENT '上级分类ID,0为第一级',
  `isrecommand` int(10) DEFAULT '0',
  `description` varchar(500) NOT NULL COMMENT '分类介绍',
  `displayorder` tinyint(3) UNSIGNED NOT NULL DEFAULT '0' COMMENT '排序',
  `enabled` tinyint(1) UNSIGNED NOT NULL DEFAULT '1' COMMENT '是否开启'
) ENGINE=MyISAM DEFAULT CHARSET=utf8;

--
-- 转存表中的数据 `ims_superdesk_boardroom_s_category`
--

INSERT INTO `ims_superdesk_boardroom_s_category` (`id`, `uniacid`, `name`, `thumb`, `parentid`, `isrecommand`, `description`, `displayorder`, `enabled`) VALUES
(67, 16, '茶水类', 'images/16/2017/08/tT2SvoVDS4XS5l2sDdVzpgspp4VaGs.jpg', 0, 1, '', 0, 1),
(68, 16, '茶杯', 'images/16/2017/08/M6Byu7ea746QE1Qb3G1vq33E3ddz35.jpg', 67, 0, '', 0, 1),
(69, 16, '纸巾类', 'images/16/2017/08/D88UU8Ku8AFkDmtQ8YkXUttwW4TF8X.jpg', 0, 1, '纸巾', 0, 1),
(70, 16, '湿方巾', 'images/16/2017/08/jYNYKNz0xyYp100Y5As0K909KKSksY.jpg', 69, 1, '方巾', 0, 1),
(71, 16, '办公类', 'images/16/2017/08/cEBEBEbE8FqFBM4wkKbbBR1EvBE4b4.jpg', 0, 1, '', 0, 1),
(72, 16, '写字板', 'images/16/2017/08/h88qLWm3LBf6ok7qLLo68o3kgffF6i.jpg', 71, 1, '写字板', 0, 1),
(73, 16, '墩壶', 'images/16/2017/08/n0yQ6X9L2ti5ITuL5w9393m90Xc9qt.jpg', 67, 0, '', 0, 1),
(74, 16, '茶叶', 'images/16/2017/08/C3SXxaeeUEo0eSIiQKqqq0XSeWaeKS.jpg', 67, 0, '', 0, 1),
(75, 16, '抽纸', 'images/16/2017/08/Ei7m8806aq88A04M7p5ms2eaE5iq24.jpg', 69, 0, '', 0, 1),
(76, 16, '白纸', '', 71, 0, '', 0, 1),
(77, 16, '铅笔（黑色）', '', 71, 0, '', 0, 1),
(78, 16, '铅笔（红色）', '', 71, 0, '', 0, 1);

-- --------------------------------------------------------

--
-- 表的结构 `ims_superdesk_boardroom_s_dispatch`
--

CREATE TABLE `ims_superdesk_boardroom_s_dispatch` (
  `id` int(11) NOT NULL,
  `uniacid` int(11) DEFAULT '0',
  `dispatchname` varchar(50) DEFAULT '',
  `dispatchtype` int(11) DEFAULT '0',
  `displayorder` int(11) DEFAULT '0',
  `firstprice` decimal(10,2) DEFAULT '0.00',
  `secondprice` decimal(10,2) DEFAULT '0.00',
  `firstweight` int(11) DEFAULT '0',
  `secondweight` int(11) DEFAULT '0',
  `express` int(11) DEFAULT '0',
  `description` text,
  `enabled` int(11) NOT NULL DEFAULT '0'
) ENGINE=MyISAM DEFAULT CHARSET=utf8;

-- --------------------------------------------------------

--
-- 表的结构 `ims_superdesk_boardroom_s_express`
--

CREATE TABLE `ims_superdesk_boardroom_s_express` (
  `id` int(11) NOT NULL,
  `uniacid` int(11) DEFAULT '0',
  `express_name` varchar(50) DEFAULT '',
  `displayorder` int(11) DEFAULT '0',
  `express_price` varchar(10) DEFAULT '',
  `express_area` varchar(100) DEFAULT '',
  `express_url` varchar(255) DEFAULT ''
) ENGINE=MyISAM DEFAULT CHARSET=utf8;

-- --------------------------------------------------------

--
-- 表的结构 `ims_superdesk_boardroom_s_feedback`
--

CREATE TABLE `ims_superdesk_boardroom_s_feedback` (
  `id` int(10) UNSIGNED NOT NULL,
  `uniacid` int(10) UNSIGNED NOT NULL,
  `openid` varchar(50) NOT NULL,
  `type` tinyint(1) UNSIGNED NOT NULL DEFAULT '1' COMMENT '1为维权，2为告擎',
  `status` tinyint(1) NOT NULL DEFAULT '0' COMMENT '状态0未解决，1用户同意，2用户拒绝',
  `feedbackid` varchar(30) NOT NULL COMMENT '投诉单号',
  `transid` varchar(30) NOT NULL COMMENT '订单号',
  `reason` varchar(1000) NOT NULL COMMENT '理由',
  `solution` varchar(1000) NOT NULL COMMENT '期待解决方案',
  `remark` varchar(1000) NOT NULL COMMENT '备注',
  `createtime` int(10) UNSIGNED NOT NULL
) ENGINE=MyISAM DEFAULT CHARSET=utf8;

-- --------------------------------------------------------

--
-- 表的结构 `ims_superdesk_boardroom_s_goods`
--

CREATE TABLE `ims_superdesk_boardroom_s_goods` (
  `id` int(10) UNSIGNED NOT NULL,
  `uniacid` int(10) UNSIGNED NOT NULL,
  `pcate` int(10) UNSIGNED NOT NULL DEFAULT '0',
  `ccate` int(10) UNSIGNED NOT NULL DEFAULT '0',
  `type` tinyint(1) UNSIGNED NOT NULL DEFAULT '1' COMMENT '1为实体，2为虚拟',
  `status` tinyint(1) UNSIGNED NOT NULL DEFAULT '1',
  `displayorder` int(10) UNSIGNED NOT NULL DEFAULT '0',
  `title` varchar(100) NOT NULL DEFAULT '',
  `thumb` varchar(255) DEFAULT '',
  `unit` varchar(5) NOT NULL DEFAULT '',
  `description` varchar(1000) NOT NULL DEFAULT '',
  `content` text NOT NULL,
  `goodssn` varchar(50) NOT NULL DEFAULT '',
  `productsn` varchar(50) NOT NULL DEFAULT '',
  `marketprice` decimal(10,2) NOT NULL DEFAULT '0.00',
  `productprice` decimal(10,2) NOT NULL DEFAULT '0.00',
  `originalprice` decimal(10,2) NOT NULL,
  `costprice` decimal(10,2) NOT NULL DEFAULT '0.00',
  `total` int(10) UNSIGNED NOT NULL DEFAULT '0',
  `totalcnf` int(11) DEFAULT '0' COMMENT '0 拍下减库存 1 付款减库存 2 永久不减',
  `sales` int(10) UNSIGNED NOT NULL DEFAULT '0',
  `spec` varchar(5000) NOT NULL,
  `createtime` int(10) UNSIGNED NOT NULL,
  `weight` decimal(10,2) NOT NULL DEFAULT '0.00',
  `credit` decimal(10,2) NOT NULL DEFAULT '0.00',
  `maxbuy` int(11) DEFAULT '0',
  `usermaxbuy` int(10) UNSIGNED NOT NULL DEFAULT '0' COMMENT '用户最多购买数量',
  `hasoption` int(11) DEFAULT '0',
  `dispatch` int(11) DEFAULT '0',
  `thumb_url` text,
  `isnew` int(11) DEFAULT '0',
  `ishot` int(11) DEFAULT '0',
  `isdiscount` int(11) DEFAULT '0',
  `isrecommand` int(11) DEFAULT '0',
  `istime` int(11) DEFAULT '0',
  `timestart` int(11) DEFAULT '0',
  `timeend` int(11) DEFAULT '0',
  `viewcount` int(11) DEFAULT '0',
  `deleted` tinyint(3) UNSIGNED NOT NULL DEFAULT '0'
) ENGINE=MyISAM DEFAULT CHARSET=utf8;

--
-- 转存表中的数据 `ims_superdesk_boardroom_s_goods`
--

INSERT INTO `ims_superdesk_boardroom_s_goods` (`id`, `uniacid`, `pcate`, `ccate`, `type`, `status`, `displayorder`, `title`, `thumb`, `unit`, `description`, `content`, `goodssn`, `productsn`, `marketprice`, `productprice`, `originalprice`, `costprice`, `total`, `totalcnf`, `sales`, `spec`, `createtime`, `weight`, `credit`, `maxbuy`, `usermaxbuy`, `hasoption`, `dispatch`, `thumb_url`, `isnew`, `ishot`, `isdiscount`, `isrecommand`, `istime`, `timestart`, `timeend`, `viewcount`, `deleted`) VALUES
(7, 16, 67, 74, 1, 1, 0, '茶叶', 'images/16/2017/08/J9gxngOXRFBNwoLgGXlwioAFr4OHaf.jpg', '包', '', '', '', '', '0.00', '0.00', '0.00', '0.00', 9998, 1, 2, '', 1501582248, '0.00', '0.00', 1, 1, 0, 0, 'a:0:{}', 0, 0, 0, 0, 0, 0, 0, 0, 0),
(11, 16, 69, 75, 1, 1, 0, '抽纸', 'images/16/2017/08/waXHAqxBXhJcBlq8MM6H7ochmXhQlp.jpg', '包', '', '', '', '', '0.00', '0.00', '0.00', '0.00', 10000, 1, 0, '', 1502366652, '0.00', '0.00', 1, 1, 0, 0, 'a:0:{}', 0, 0, 0, 0, 0, 0, 0, 0, 0),
(10, 16, 69, 70, 1, 1, 0, '湿方巾', 'images/16/2017/08/h3KnN32D23qb933kNjkBuD8YwZbRry.jpg', '件', '', '', '', '', '0.00', '0.00', '0.00', '0.00', 100000, 1, 0, '', 1502366568, '0.00', '0.00', 0, 0, 0, 0, 'a:0:{}', 0, 0, 0, 0, 0, 0, 0, 0, 0),
(8, 16, 67, 73, 1, 1, 0, '墩壶', 'images/16/2017/08/x3Cz4lfjj6DMSlz67Z9mBQCs7p878W.jpg', '个', '', '', '', '', '0.00', '0.00', '0.00', '0.00', 99998, 1, 2, '', 1501642049, '0.00', '0.00', 1, 1, 0, 0, 'a:0:{}', 0, 0, 0, 0, 0, 0, 0, 0, 0),
(9, 16, 67, 68, 1, 1, 0, '茶水杯', 'images/16/2017/08/SajJQ6aXbdsJvYbRsqqQsOsdv555jQ.jpg', '杯', '', '', '', '', '0.00', '0.00', '0.00', '0.00', 99999, 1, 1, '', 1501652764, '0.00', '0.00', 1, 1, 0, 0, 'a:0:{}', 0, 0, 0, 0, 0, 0, 0, 0, 0),
(12, 16, 71, 72, 1, 1, 0, '写字板', 'images/16/2017/08/TjWr8zW4TWRxw9P4Ijb64TF6RIBNnn.jpg', '个', '', '', '', '', '0.00', '0.00', '0.00', '0.00', 0, 1, 1, '', 1502366681, '0.00', '0.00', 0, 0, 0, 0, 'a:0:{}', 0, 0, 0, 0, 0, 0, 0, 0, 0),
(13, 16, 71, 76, 1, 1, 0, '白纸', '', '张', '', '', '', '', '0.00', '0.00', '0.00', '0.00', 0, 1, 1, '', 1502366704, '0.00', '0.00', 0, 0, 0, 0, 'a:0:{}', 0, 0, 0, 0, 0, 0, 0, 0, 0),
(14, 16, 71, 77, 1, 1, 0, '铅笔（黑色）', '', '支', '', '', '', '', '0.00', '0.00', '0.00', '0.00', 0, 1, 1, '', 1502366725, '0.00', '0.00', 0, 0, 0, 0, 'a:0:{}', 0, 0, 0, 0, 0, 0, 0, 0, 0),
(15, 16, 71, 78, 1, 1, 0, '铅笔（红色）', '', '支', '', '', '', '', '0.00', '0.00', '0.00', '0.00', 0, 1, 0, '', 1502366750, '0.00', '0.00', 0, 0, 0, 0, 'a:0:{}', 0, 0, 0, 0, 0, 0, 0, 0, 0);

-- --------------------------------------------------------

--
-- 表的结构 `ims_superdesk_boardroom_s_goods_option`
--

CREATE TABLE `ims_superdesk_boardroom_s_goods_option` (
  `id` int(11) NOT NULL,
  `goodsid` int(10) DEFAULT '0',
  `title` varchar(50) DEFAULT '',
  `thumb` varchar(60) DEFAULT '',
  `productprice` decimal(10,2) DEFAULT '0.00',
  `marketprice` decimal(10,2) DEFAULT '0.00',
  `costprice` decimal(10,2) DEFAULT '0.00',
  `stock` int(11) DEFAULT '0',
  `weight` decimal(10,2) DEFAULT '0.00',
  `displayorder` int(11) DEFAULT '0',
  `specs` text
) ENGINE=MyISAM DEFAULT CHARSET=utf8;

-- --------------------------------------------------------

--
-- 表的结构 `ims_superdesk_boardroom_s_goods_param`
--

CREATE TABLE `ims_superdesk_boardroom_s_goods_param` (
  `id` int(11) NOT NULL,
  `goodsid` int(10) DEFAULT '0',
  `title` varchar(50) DEFAULT '',
  `value` text,
  `displayorder` int(11) DEFAULT '0'
) ENGINE=MyISAM DEFAULT CHARSET=utf8;

-- --------------------------------------------------------

--
-- 表的结构 `ims_superdesk_boardroom_s_order`
--

CREATE TABLE `ims_superdesk_boardroom_s_order` (
  `id` int(10) UNSIGNED NOT NULL,
  `uniacid` int(10) UNSIGNED NOT NULL,
  `from_user` varchar(50) NOT NULL,
  `out_trade_no` varchar(20) NOT NULL COMMENT 'out_trade_no',
  `price` varchar(10) NOT NULL,
  `status` tinyint(4) NOT NULL DEFAULT '0' COMMENT '-1取消状态，0普通状态，1为已付款，2为已发货，3为成功',
  `sendtype` tinyint(1) UNSIGNED NOT NULL COMMENT '1为快递，2为自提',
  `paytype` tinyint(1) UNSIGNED NOT NULL COMMENT '1为余额，2为在线，3为到付',
  `transaction_id` varchar(30) NOT NULL DEFAULT '0' COMMENT '微信支付单号',
  `goodstype` tinyint(1) UNSIGNED NOT NULL DEFAULT '1',
  `remark` varchar(1000) NOT NULL DEFAULT '',
  `address` varchar(1024) NOT NULL DEFAULT '' COMMENT '收货地址信息',
  `expresscom` varchar(30) NOT NULL DEFAULT '',
  `expresssn` varchar(50) NOT NULL DEFAULT '',
  `express` varchar(200) NOT NULL DEFAULT '',
  `goodsprice` decimal(10,2) DEFAULT '0.00',
  `dispatchprice` decimal(10,2) DEFAULT '0.00',
  `dispatch` int(10) DEFAULT '0',
  `paydetail` varchar(255) NOT NULL COMMENT '支付详情',
  `createtime` int(10) UNSIGNED NOT NULL
) ENGINE=MyISAM DEFAULT CHARSET=utf8;

--
-- 转存表中的数据 `ims_superdesk_boardroom_s_order`
--

INSERT INTO `ims_superdesk_boardroom_s_order` (`id`, `uniacid`, `from_user`, `out_trade_no`, `price`, `status`, `sendtype`, `paytype`, `transaction_id`, `goodstype`, `remark`, `address`, `expresscom`, `expresssn`, `express`, `goodsprice`, `dispatchprice`, `dispatch`, `paydetail`, `createtime`) VALUES
(12, 16, 'oX8KYwkxwNW6qzHF4cF-tGxYTcPg', '08024584', '0.01', 3, 2, 2, '4002312001201708023957755222', 1, '', ' |  |  |  |  |  | ', '', '', '', '0.01', '0.00', 0, '', 1501621813),
(13, 16, 'oX8KYwvbdoY-Ngq-nMqYBV1gODws', '08026354', '0.02', 0, 2, 0, '0', 1, '', ' |  |  |  |  |  | ', '', '', '', '0.02', '0.00', 0, '', 1501642163),
(14, 16, 'oX8KYwnly4UHbqCxSuGW8iRGr7Cs', '08028867', '0.02', 1, 2, 2, '4005492001201708024013987760', 1, '', ' |  |  |  |  |  | ', '', '', '', '0.02', '0.00', 0, '', 1501647689),
(15, 16, 'oX8KYwvbdoY-Ngq-nMqYBV1gODws', '08024366', '0.02', 1, 2, 2, '4004422001201708024022317438', 1, '', ' |  |  |  |  |  | ', '', '', '', '0.02', '0.00', 0, '', 1501647999),
(16, 16, 'oX8KYwkxwNW6qzHF4cF-tGxYTcPg', '08025328', '0.02', 1, 2, 2, '4002312001201708024017841200', 1, '', ' |  |  |  |  |  | ', '', '', '', '0.02', '0.00', 0, '', 1501648105),
(17, 16, 'oX8KYwvbdoY-Ngq-nMqYBV1gODws', '08028332', '0.02', 1, 2, 2, '4004422001201708024020128066', 1, '', ' |  |  |  |  |  | ', '', '', '', '0.02', '0.00', 0, '', 1501648702),
(18, 16, 'oX8KYwvbdoY-Ngq-nMqYBV1gODws', '08028623', '0.02', 0, 2, 0, '0', 1, '', ' |  |  |  |  |  | ', '', '', '', '0.02', '0.00', 0, '', 1501651108),
(19, 16, 'oX8KYwuCsosJa6XpDNHhLdIWIyyo', '08026831', '0.01', 1, 2, 2, '4001042001201708024048576092', 1, '', ' |  |  |  |  |  | ', '', '', '', '0.01', '0.00', 0, '', 1501657552),
(20, 16, 'oX8KYwglvqaDSceekSdrVegvu5K8', '08028668', '0.01', 0, 2, 0, '0', 1, '', ' |  |  |  |  |  | ', '', '', '', '0.01', '0.00', 0, '', 1501657630),
(21, 16, 'oX8KYwook-esQarAtf-Jr6oEYRU8', '08025824', '0.06', 0, 2, 0, '0', 1, '', ' |  |  |  |  |  | ', '', '', '', '0.06', '0.00', 0, '', 1501658363),
(22, 16, 'oX8KYwkmB-AJXDov43v3w70jfQMM', '08024262', '0.03', 0, 2, 0, '0', 1, '', ' |  |  |  |  |  | ', '', '', '', '0.03', '0.00', 0, '', 1501660063),
(23, 16, 'oX8KYwkmB-AJXDov43v3w70jfQMM', '08024863', '0.16', 0, 2, 0, '0', 1, '', ' |  |  |  |  |  | ', '', '', '', '0.16', '0.00', 0, '', 1501660235),
(24, 16, 'oX8KYwkxwNW6qzHF4cF-tGxYTcPg', '08021804', '0.06', 0, 2, 0, '0', 1, '', ' |  |  |  |  |  | ', '', '', '', '0.06', '0.00', 0, '', 1501660270),
(25, 16, 'oX8KYwkmB-AJXDov43v3w70jfQMM', '08028430', '0.06', 0, 2, 0, '0', 1, '', ' |  |  |  |  |  | ', '', '', '', '0.06', '0.00', 0, '', 1501664011),
(26, 16, 'oX8KYwkmB-AJXDov43v3w70jfQMM', '08024825', '0.01', 0, 2, 0, '0', 1, '', ' |  |  |  |  |  | ', '', '', '', '0.01', '0.00', 0, '', 1501664512),
(27, 16, 'oX8KYwglvqaDSceekSdrVegvu5K8', '08026648', '0.01', 0, 2, 0, '0', 1, '', ' |  |  |  |  |  | ', '', '', '', '0.01', '0.00', 0, '', 1501664702),
(28, 16, 'oX8KYwglvqaDSceekSdrVegvu5K8', '08024848', '0.01', 0, 2, 0, '0', 1, '', ' |  |  |  |  |  | ', '', '', '', '0.01', '0.00', 0, '', 1501664773),
(29, 16, 'oX8KYwglvqaDSceekSdrVegvu5K8', '08029421', '0.01', 1, 2, 2, '4008982001201708024065760361', 1, '', ' |  |  |  |  |  | ', '', '', '', '0.01', '0.00', 0, '', 1501664937),
(30, 16, 'oX8KYwglvqaDSceekSdrVegvu5K8', '08027444', '0.04', 0, 2, 0, '0', 1, '', ' |  |  |  |  |  | ', '', '', '', '0.04', '0.00', 0, '', 1501665999),
(31, 16, 'oX8KYwglvqaDSceekSdrVegvu5K8', '08025690', '0.01', 0, 2, 0, '0', 1, '', ' |  |  |  |  |  | ', '', '', '', '0.01', '0.00', 0, '', 1501666460),
(32, 16, 'oX8KYwjVic3km-qssD9_qDOaCiFU', '08036606', '0.03', 0, 2, 0, '0', 1, '', ' |  |  |  |  |  | ', '', '', '', '0.03', '0.00', 0, '', 1501726517),
(33, 16, 'oX8KYwglvqaDSceekSdrVegvu5K8', '08031857', '0', 1, 2, 4, '0', 1, '', ' |  |  |  |  |  | ', '', '', '', '0.00', '0.00', 0, '', 1501739383),
(34, 16, 'oX8KYwkxwNW6qzHF4cF-tGxYTcPg', '08031262', '0', 1, 2, 4, '0', 1, '', ' |  |  |  |  |  | ', '', '', '', '0.00', '0.00', 0, '', 1501754171),
(35, 16, 'oX8KYwkxwNW6qzHF4cF-tGxYTcPg', '08032466', '0', 1, 2, 4, '0', 1, '', ' |  |  |  |  |  | ', '', '', '', '0.00', '0.00', 0, '', 1501754551),
(36, 16, 'oX8KYwkxwNW6qzHF4cF-tGxYTcPg', '08034646', '0', 1, 2, 4, '0', 1, '', ' |  |  |  |  |  | ', '', '', '', '0.00', '0.00', 0, '', 1501754585),
(37, 16, 'oX8KYwnly4UHbqCxSuGW8iRGr7Cs', '08038491', '0', 1, 2, 4, '0', 1, '', ' |  |  |  |  |  | ', '', '', '', '0.00', '0.00', 0, '', 1501759273),
(38, 16, 'oX8KYwuFkpUn0-p91w9p4jNMxeuM', '08049068', '0', 1, 2, 4, '0', 1, '', ' |  |  |  |  |  | ', '', '', '', '0.00', '0.00', 0, '', 1501814358),
(39, 16, 'oX8KYwglvqaDSceekSdrVegvu5K8', '08043438', '0', -1, 2, 4, '0', 1, '', ' |  |  |  |  |  | ', '', '', '', '0.00', '0.00', 0, '', 1501831270),
(40, 16, 'oX8KYwjVic3km-qssD9_qDOaCiFU', '08060382', '0', 1, 2, 4, '0', 1, '', ' |  |  |  |  |  | ', '', '', '', '0.00', '0.00', 0, '', 1502002735),
(41, 16, 'oX8KYwlxpI2EjKD7A-YzclBPC3wQ', '08072222', '0', 1, 2, 4, '0', 1, '', ' |  |  |  |  |  | ', '', '', '', '0.00', '0.00', 0, '', 1502094042),
(42, 16, 'oX8KYwjVic3km-qssD9_qDOaCiFU', '09224446', '0', 1, 2, 4, '0', 1, '', ' |  |  |  |  |  | ', '', '', '', '0.00', '0.00', 0, '', 1506070007),
(43, 16, 'oX8KYwutluzuhcJhorvPV6WPcV00', '12210082', '0', 1, 2, 4, '0', 1, '', ' |  |  |  |  |  | ', '', '', '', '0.00', '0.00', 0, '', 1513854685),
(44, 16, 'oX8KYwg3JXbthNYQ0sI5mfE2fi_s', '01250318', '0', 1, 2, 4, '0', 1, '', ' |  |  |  |  |  | ', '', '', '', '0.00', '0.00', 0, '', 1516864780);

-- --------------------------------------------------------

--
-- 表的结构 `ims_superdesk_boardroom_s_order_goods`
--

CREATE TABLE `ims_superdesk_boardroom_s_order_goods` (
  `id` int(10) UNSIGNED NOT NULL,
  `uniacid` int(10) UNSIGNED NOT NULL,
  `orderid` int(10) UNSIGNED NOT NULL,
  `out_trade_no` varchar(32) NOT NULL DEFAULT '' COMMENT 'out_trade_no',
  `goodsid` int(10) UNSIGNED NOT NULL,
  `price` decimal(10,2) DEFAULT '0.00',
  `total` int(10) UNSIGNED NOT NULL DEFAULT '1',
  `optionid` int(10) DEFAULT '0',
  `createtime` int(10) UNSIGNED NOT NULL,
  `optionname` text
) ENGINE=MyISAM DEFAULT CHARSET=utf8;

--
-- 转存表中的数据 `ims_superdesk_boardroom_s_order_goods`
--

INSERT INTO `ims_superdesk_boardroom_s_order_goods` (`id`, `uniacid`, `orderid`, `out_trade_no`, `goodsid`, `price`, `total`, `optionid`, `createtime`, `optionname`) VALUES
(10, 16, 8, '', 7, '0.01', 2, 0, 1501582274, NULL),
(11, 16, 9, '', 7, '0.01', 1, 0, 1501605433, NULL),
(12, 16, 10, '', 7, '0.01', 1, 0, 1501612010, NULL),
(13, 16, 11, '', 7, '0.01', 1, 0, 1501612952, NULL),
(14, 16, 12, '08024584', 7, '0.01', 1, 0, 1501621813, NULL),
(15, 16, 13, '08026354', 7, '0.01', 1, 0, 1501642163, NULL),
(16, 16, 13, '08026354', 8, '0.01', 1, 0, 1501642163, NULL),
(17, 16, 14, '08028867', 7, '0.01', 1, 0, 1501647689, NULL),
(18, 16, 14, '08028867', 8, '0.01', 1, 0, 1501647689, NULL),
(19, 16, 15, '08024366', 8, '0.01', 1, 0, 1501647999, NULL),
(20, 16, 15, '08024366', 7, '0.01', 1, 0, 1501647999, NULL),
(21, 16, 16, '08025328', 7, '0.01', 1, 0, 1501648105, NULL),
(22, 16, 16, '08025328', 8, '0.01', 1, 0, 1501648105, NULL),
(23, 16, 17, '08028332', 8, '0.01', 1, 0, 1501648702, NULL),
(24, 16, 17, '08028332', 7, '0.01', 1, 0, 1501648702, NULL),
(25, 16, 18, '08028623', 8, '0.01', 1, 0, 1501651108, NULL),
(26, 16, 18, '08028623', 7, '0.01', 1, 0, 1501651108, NULL),
(27, 16, 19, '08026831', 9, '0.01', 1, 0, 1501657552, NULL),
(28, 16, 20, '08028668', 7, '0.01', 1, 0, 1501657630, NULL),
(29, 16, 21, '08025824', 9, '0.01', 2, 0, 1501658363, NULL),
(30, 16, 21, '08025824', 8, '0.01', 2, 0, 1501658363, NULL),
(31, 16, 21, '08025824', 7, '0.01', 2, 0, 1501658363, NULL),
(32, 16, 22, '08024262', 9, '0.01', 1, 0, 1501660063, NULL),
(33, 16, 22, '08024262', 8, '0.01', 1, 0, 1501660063, NULL),
(34, 16, 22, '08024262', 7, '0.01', 1, 0, 1501660063, NULL),
(35, 16, 23, '08024863', 7, '0.01', 6, 0, 1501660235, NULL),
(36, 16, 23, '08024863', 8, '0.01', 10, 0, 1501660235, NULL),
(37, 16, 24, '08021804', 9, '0.01', 2, 0, 1501660270, NULL),
(38, 16, 24, '08021804', 8, '0.01', 2, 0, 1501660270, NULL),
(39, 16, 24, '08021804', 7, '0.01', 2, 0, 1501660270, NULL),
(40, 16, 25, '08028430', 9, '0.01', 5, 0, 1501664011, NULL),
(41, 16, 25, '08028430', 8, '0.01', 1, 0, 1501664011, NULL),
(42, 16, 26, '08024825', 7, '0.01', 1, 0, 1501664512, NULL),
(43, 16, 27, '08026648', 7, '0.01', 1, 0, 1501664702, NULL),
(44, 16, 28, '08024848', 8, '0.01', 1, 0, 1501664773, NULL),
(45, 16, 29, '08029421', 8, '0.01', 1, 0, 1501664937, NULL),
(46, 16, 30, '08027444', 7, '0.01', 4, 0, 1501665999, NULL),
(47, 16, 31, '08025690', 7, '0.01', 1, 0, 1501666460, NULL),
(48, 16, 32, '08036606', 7, '0.01', 1, 0, 1501726517, NULL),
(49, 16, 32, '08036606', 8, '0.01', 1, 0, 1501726517, NULL),
(50, 16, 32, '08036606', 9, '0.01', 1, 0, 1501726517, NULL),
(51, 16, 33, '08031857', 9, '0.00', 1, 0, 1501739383, NULL),
(52, 16, 34, '08031262', 9, '0.00', 1, 0, 1501754171, NULL),
(53, 16, 35, '08032466', 7, '0.00', 1, 0, 1501754551, NULL),
(54, 16, 36, '08034646', 8, '0.00', 1, 0, 1501754585, NULL),
(55, 16, 37, '08038491', 7, '0.00', 3, 0, 1501759273, NULL),
(56, 16, 37, '08038491', 8, '0.00', 1, 0, 1501759273, NULL),
(57, 16, 37, '08038491', 9, '0.00', 1, 0, 1501759273, NULL),
(58, 16, 38, '08049068', 9, '0.00', 2, 0, 1501814358, NULL),
(59, 16, 38, '08049068', 8, '0.00', 1, 0, 1501814358, NULL),
(60, 16, 38, '08049068', 7, '0.00', 2, 0, 1501814358, NULL),
(61, 16, 39, '08043438', 8, '0.00', 2, 0, 1501831270, NULL),
(62, 16, 39, '08043438', 9, '0.00', 1, 0, 1501831270, NULL),
(63, 16, 40, '08060382', 9, '0.00', 2, 0, 1502002735, NULL),
(64, 16, 40, '08060382', 8, '0.00', 2, 0, 1502002735, NULL),
(65, 16, 40, '08060382', 7, '0.00', 2, 0, 1502002735, NULL),
(66, 16, 41, '08072222', 9, '0.00', 1, 0, 1502094042, NULL),
(67, 16, 41, '08072222', 8, '0.00', 1, 0, 1502094042, NULL),
(68, 16, 41, '08072222', 7, '0.00', 3, 0, 1502094042, NULL),
(69, 16, 42, '09224446', 14, '0.00', 1, 0, 1506070007, NULL),
(70, 16, 42, '09224446', 13, '0.00', 1, 0, 1506070007, NULL),
(71, 16, 42, '09224446', 12, '0.00', 1, 0, 1506070007, NULL),
(72, 16, 43, '12210082', 9, '0.00', 1, 0, 1513854685, NULL),
(73, 16, 43, '12210082', 8, '0.00', 1, 0, 1513854685, NULL),
(74, 16, 43, '12210082', 7, '0.00', 1, 0, 1513854685, NULL),
(75, 16, 44, '01250318', 8, '0.00', 1, 0, 1516864780, NULL),
(76, 16, 44, '01250318', 7, '0.00', 1, 0, 1516864780, NULL);

-- --------------------------------------------------------

--
-- 表的结构 `ims_superdesk_boardroom_s_product`
--

CREATE TABLE `ims_superdesk_boardroom_s_product` (
  `id` int(10) UNSIGNED NOT NULL,
  `goodsid` int(11) NOT NULL,
  `productsn` varchar(50) NOT NULL,
  `title` varchar(1000) NOT NULL,
  `marketprice` decimal(10,0) UNSIGNED NOT NULL,
  `productprice` decimal(10,0) UNSIGNED NOT NULL,
  `total` int(11) NOT NULL,
  `status` tinyint(3) UNSIGNED NOT NULL DEFAULT '1',
  `spec` varchar(5000) NOT NULL
) ENGINE=MyISAM DEFAULT CHARSET=utf8;

-- --------------------------------------------------------

--
-- 表的结构 `ims_superdesk_boardroom_s_spec`
--

CREATE TABLE `ims_superdesk_boardroom_s_spec` (
  `id` int(10) UNSIGNED NOT NULL,
  `uniacid` int(10) UNSIGNED NOT NULL,
  `title` varchar(50) NOT NULL,
  `description` varchar(1000) NOT NULL,
  `displaytype` tinyint(3) UNSIGNED NOT NULL,
  `content` text NOT NULL,
  `goodsid` int(11) DEFAULT '0',
  `displayorder` int(11) DEFAULT '0'
) ENGINE=MyISAM DEFAULT CHARSET=utf8;

-- --------------------------------------------------------

--
-- 表的结构 `ims_superdesk_boardroom_s_spec_item`
--

CREATE TABLE `ims_superdesk_boardroom_s_spec_item` (
  `id` int(11) NOT NULL,
  `uniacid` int(11) DEFAULT '0',
  `specid` int(11) DEFAULT '0',
  `title` varchar(255) DEFAULT '',
  `thumb` varchar(255) DEFAULT '',
  `show` int(11) DEFAULT '0',
  `displayorder` int(11) DEFAULT '0'
) ENGINE=MyISAM DEFAULT CHARSET=utf8;

--
-- Indexes for dumped tables
--

--
-- Indexes for table `ims_superdesk_boardroom`
--
ALTER TABLE `ims_superdesk_boardroom`
  ADD PRIMARY KEY (`id`);

--
-- Indexes for table `ims_superdesk_boardroom_appointment`
--
ALTER TABLE `ims_superdesk_boardroom_appointment`
  ADD PRIMARY KEY (`id`);

--
-- Indexes for table `ims_superdesk_boardroom_equipment`
--
ALTER TABLE `ims_superdesk_boardroom_equipment`
  ADD PRIMARY KEY (`id`);

--
-- Indexes for table `ims_superdesk_boardroom_s_adv`
--
ALTER TABLE `ims_superdesk_boardroom_s_adv`
  ADD PRIMARY KEY (`id`),
  ADD KEY `indx_uniacid` (`uniacid`),
  ADD KEY `indx_enabled` (`enabled`),
  ADD KEY `indx_displayorder` (`displayorder`);

--
-- Indexes for table `ims_superdesk_boardroom_s_cart`
--
ALTER TABLE `ims_superdesk_boardroom_s_cart`
  ADD PRIMARY KEY (`id`),
  ADD KEY `idx_openid` (`from_user`);

--
-- Indexes for table `ims_superdesk_boardroom_s_category`
--
ALTER TABLE `ims_superdesk_boardroom_s_category`
  ADD PRIMARY KEY (`id`);

--
-- Indexes for table `ims_superdesk_boardroom_s_dispatch`
--
ALTER TABLE `ims_superdesk_boardroom_s_dispatch`
  ADD PRIMARY KEY (`id`),
  ADD KEY `indx_uniacid` (`uniacid`),
  ADD KEY `indx_displayorder` (`displayorder`);

--
-- Indexes for table `ims_superdesk_boardroom_s_express`
--
ALTER TABLE `ims_superdesk_boardroom_s_express`
  ADD PRIMARY KEY (`id`),
  ADD KEY `indx_uniacid` (`uniacid`),
  ADD KEY `indx_displayorder` (`displayorder`);

--
-- Indexes for table `ims_superdesk_boardroom_s_feedback`
--
ALTER TABLE `ims_superdesk_boardroom_s_feedback`
  ADD PRIMARY KEY (`id`),
  ADD KEY `idx_uniacid` (`uniacid`),
  ADD KEY `idx_feedbackid` (`feedbackid`),
  ADD KEY `idx_createtime` (`createtime`),
  ADD KEY `idx_transid` (`transid`);

--
-- Indexes for table `ims_superdesk_boardroom_s_goods`
--
ALTER TABLE `ims_superdesk_boardroom_s_goods`
  ADD PRIMARY KEY (`id`);

--
-- Indexes for table `ims_superdesk_boardroom_s_goods_option`
--
ALTER TABLE `ims_superdesk_boardroom_s_goods_option`
  ADD PRIMARY KEY (`id`),
  ADD KEY `indx_goodsid` (`goodsid`),
  ADD KEY `indx_displayorder` (`displayorder`);

--
-- Indexes for table `ims_superdesk_boardroom_s_goods_param`
--
ALTER TABLE `ims_superdesk_boardroom_s_goods_param`
  ADD PRIMARY KEY (`id`),
  ADD KEY `indx_goodsid` (`goodsid`),
  ADD KEY `indx_displayorder` (`displayorder`);

--
-- Indexes for table `ims_superdesk_boardroom_s_order`
--
ALTER TABLE `ims_superdesk_boardroom_s_order`
  ADD PRIMARY KEY (`id`);

--
-- Indexes for table `ims_superdesk_boardroom_s_order_goods`
--
ALTER TABLE `ims_superdesk_boardroom_s_order_goods`
  ADD PRIMARY KEY (`id`);

--
-- Indexes for table `ims_superdesk_boardroom_s_product`
--
ALTER TABLE `ims_superdesk_boardroom_s_product`
  ADD PRIMARY KEY (`id`),
  ADD KEY `idx_goodsid` (`goodsid`);

--
-- Indexes for table `ims_superdesk_boardroom_s_spec`
--
ALTER TABLE `ims_superdesk_boardroom_s_spec`
  ADD PRIMARY KEY (`id`);

--
-- Indexes for table `ims_superdesk_boardroom_s_spec_item`
--
ALTER TABLE `ims_superdesk_boardroom_s_spec_item`
  ADD PRIMARY KEY (`id`),
  ADD KEY `indx_uniacid` (`uniacid`),
  ADD KEY `indx_specid` (`specid`),
  ADD KEY `indx_show` (`show`),
  ADD KEY `indx_displayorder` (`displayorder`);

--
-- 在导出的表使用AUTO_INCREMENT
--

--
-- 使用表AUTO_INCREMENT `ims_superdesk_boardroom`
--
ALTER TABLE `ims_superdesk_boardroom`
  MODIFY `id` int(10) NOT NULL AUTO_INCREMENT, AUTO_INCREMENT=21;

--
-- 使用表AUTO_INCREMENT `ims_superdesk_boardroom_appointment`
--
ALTER TABLE `ims_superdesk_boardroom_appointment`
  MODIFY `id` int(10) NOT NULL AUTO_INCREMENT, AUTO_INCREMENT=209;

--
-- 使用表AUTO_INCREMENT `ims_superdesk_boardroom_equipment`
--
ALTER TABLE `ims_superdesk_boardroom_equipment`
  MODIFY `id` int(11) NOT NULL AUTO_INCREMENT, AUTO_INCREMENT=13;

--
-- 使用表AUTO_INCREMENT `ims_superdesk_boardroom_s_adv`
--
ALTER TABLE `ims_superdesk_boardroom_s_adv`
  MODIFY `id` int(11) NOT NULL AUTO_INCREMENT, AUTO_INCREMENT=3;

--
-- 使用表AUTO_INCREMENT `ims_superdesk_boardroom_s_cart`
--
ALTER TABLE `ims_superdesk_boardroom_s_cart`
  MODIFY `id` int(10) UNSIGNED NOT NULL AUTO_INCREMENT, AUTO_INCREMENT=351;

--
-- 使用表AUTO_INCREMENT `ims_superdesk_boardroom_s_category`
--
ALTER TABLE `ims_superdesk_boardroom_s_category`
  MODIFY `id` int(10) UNSIGNED NOT NULL AUTO_INCREMENT, AUTO_INCREMENT=79;

--
-- 使用表AUTO_INCREMENT `ims_superdesk_boardroom_s_dispatch`
--
ALTER TABLE `ims_superdesk_boardroom_s_dispatch`
  MODIFY `id` int(11) NOT NULL AUTO_INCREMENT, AUTO_INCREMENT=2;

--
-- 使用表AUTO_INCREMENT `ims_superdesk_boardroom_s_express`
--
ALTER TABLE `ims_superdesk_boardroom_s_express`
  MODIFY `id` int(11) NOT NULL AUTO_INCREMENT, AUTO_INCREMENT=4;

--
-- 使用表AUTO_INCREMENT `ims_superdesk_boardroom_s_feedback`
--
ALTER TABLE `ims_superdesk_boardroom_s_feedback`
  MODIFY `id` int(10) UNSIGNED NOT NULL AUTO_INCREMENT;

--
-- 使用表AUTO_INCREMENT `ims_superdesk_boardroom_s_goods`
--
ALTER TABLE `ims_superdesk_boardroom_s_goods`
  MODIFY `id` int(10) UNSIGNED NOT NULL AUTO_INCREMENT, AUTO_INCREMENT=16;

--
-- 使用表AUTO_INCREMENT `ims_superdesk_boardroom_s_goods_option`
--
ALTER TABLE `ims_superdesk_boardroom_s_goods_option`
  MODIFY `id` int(11) NOT NULL AUTO_INCREMENT, AUTO_INCREMENT=2;

--
-- 使用表AUTO_INCREMENT `ims_superdesk_boardroom_s_goods_param`
--
ALTER TABLE `ims_superdesk_boardroom_s_goods_param`
  MODIFY `id` int(11) NOT NULL AUTO_INCREMENT, AUTO_INCREMENT=2;

--
-- 使用表AUTO_INCREMENT `ims_superdesk_boardroom_s_order`
--
ALTER TABLE `ims_superdesk_boardroom_s_order`
  MODIFY `id` int(10) UNSIGNED NOT NULL AUTO_INCREMENT, AUTO_INCREMENT=45;

--
-- 使用表AUTO_INCREMENT `ims_superdesk_boardroom_s_order_goods`
--
ALTER TABLE `ims_superdesk_boardroom_s_order_goods`
  MODIFY `id` int(10) UNSIGNED NOT NULL AUTO_INCREMENT, AUTO_INCREMENT=77;

--
-- 使用表AUTO_INCREMENT `ims_superdesk_boardroom_s_product`
--
ALTER TABLE `ims_superdesk_boardroom_s_product`
  MODIFY `id` int(10) UNSIGNED NOT NULL AUTO_INCREMENT;

--
-- 使用表AUTO_INCREMENT `ims_superdesk_boardroom_s_spec`
--
ALTER TABLE `ims_superdesk_boardroom_s_spec`
  MODIFY `id` int(10) UNSIGNED NOT NULL AUTO_INCREMENT, AUTO_INCREMENT=2;

--
-- 使用表AUTO_INCREMENT `ims_superdesk_boardroom_s_spec_item`
--
ALTER TABLE `ims_superdesk_boardroom_s_spec_item`
  MODIFY `id` int(11) NOT NULL AUTO_INCREMENT, AUTO_INCREMENT=2;
COMMIT;

/*!40101 SET CHARACTER_SET_CLIENT=@OLD_CHARACTER_SET_CLIENT */;
/*!40101 SET CHARACTER_SET_RESULTS=@OLD_CHARACTER_SET_RESULTS */;
/*!40101 SET COLLATION_CONNECTION=@OLD_COLLATION_CONNECTION */;
